K,metric,r2_micro,r2_macro,J_pos,null_excl_share,eval,replicate
10,dev,0.348381884867196,0.336253323979314,1000,0,insample,1
10,chisq,0.489542356042297,0.461564068443839,1000,0,insample,1
10,se,0.453466666858301,0.467968662547606,1000,0,insample,1
20,dev,0.546850316368733,0.525774949129452,1000,0,insample,1
20,chisq,0.696204875977613,0.663891552446351,1000,0,insample,1
20,se,0.712885862383999,0.717681140089645,1000,0,insample,1
30,dev,0.661168761483848,0.64175479141761,1000,0,insample,1
30,chisq,0.800458891313528,0.776315204712345,1000,0,insample,1
30,se,0.881711126953098,0.887764658094836,1000,0,insample,1
40,dev,0.745385746052439,0.725589321802913,1000,0,insample,1
40,chisq,0.874008401911719,0.853908039102113,1000,0,insample,1
40,se,0.968632429540947,0.963693267683247,1000,0,insample,1
50,dev,0.744900998490196,0.725130342506692,1000,0,insample,1
50,chisq,0.873819599842173,0.853684624614017,1000,0,insample,1
50,se,0.969157117993161,0.963852663398255,1000,0,insample,1
60,dev,0.741554003424177,0.72103093778168,1000,0,insample,1
60,chisq,0.871947298242797,0.851263281372266,1000,0,insample,1
60,se,0.968655410800132,0.962264448175266,1000,0,insample,1
70,dev,0.739915180210506,0.719594754942211,1000,0,insample,1
70,chisq,0.871288095743309,0.85074201283098,1000,0,insample,1
70,se,0.968719513559757,0.961443537937985,1000,0,insample,1
80,dev,0.7404533895725,0.71988972642103,1000,0,insample,1
80,chisq,0.870226184803422,0.849090197426277,1000,0,insample,1
80,se,0.968795478950083,0.963110412639795,1000,0,insample,1
90,dev,0.741682243981588,0.721235258258939,1000,0,insample,1
90,chisq,0.871940581307539,0.851111157654789,1000,0,insample,1
90,se,0.968918570370795,0.962530089810778,1000,0,insample,1
100,dev,0.740072851818666,0.71961765565897,1000,0,insample,1
100,chisq,0.871101888223613,0.850337470742194,1000,0,insample,1
100,se,0.968787307079239,0.961987658582558,1000,0,insample,1
10,dev,0.317361509381097,0.30451169168918,5000,0,ho_reconstruction,1
10,chisq,0.454879734917414,0.424921297534144,5000,0,ho_reconstruction,1
10,se,0.414828666671899,0.427657291837729,5000,0,ho_reconstruction,1
20,dev,0.519937960755561,0.500767755505252,5000,0,ho_reconstruction,1
20,chisq,0.674302224568258,0.643463995108985,5000,0,ho_reconstruction,1
20,se,0.70933062144699,0.718724264497166,5000,0,ho_reconstruction,1
30,dev,0.628886462276545,0.60984462331329,5000,0,ho_reconstruction,1
30,chisq,0.775546412492309,0.74996885571582,5000,0,ho_reconstruction,1
30,se,0.869077902852315,0.878040028393136,5000,0,ho_reconstruction,1
40,dev,0.7311872349611,0.711376256329577,5000,0,ho_reconstruction,1
40,chisq,0.864331509683012,0.843201036087291,5000,0,ho_reconstruction,1
40,se,0.963943443004518,0.960981436876526,5000,0,ho_reconstruction,1
50,dev,0.732666210101432,0.712778125558836,5000,0,ho_reconstruction,1
50,chisq,0.865330845240963,0.844110553789081,5000,0,ho_reconstruction,1
50,se,0.964791952474331,0.96152915930942,5000,0,ho_reconstruction,1
60,dev,0.732128228645359,0.712216855791311,5000,0,ho_reconstruction,1
60,chisq,0.864658580794397,0.843468157830162,5000,0,ho_reconstruction,1
60,se,0.96490167188203,0.961427327106799,5000,0,ho_reconstruction,1
70,dev,0.734342225109467,0.714596368374197,5000,0,ho_reconstruction,1
70,chisq,0.866251894541705,0.845228541854578,5000,0,ho_reconstruction,1
70,se,0.965203357619979,0.961807951471839,5000,0,ho_reconstruction,1
80,dev,0.734404470725766,0.714588664969867,5000,0,ho_reconstruction,1
80,chisq,0.866073396975453,0.844967810138129,5000,0,ho_reconstruction,1
80,se,0.964971894489834,0.961708334641657,5000,0,ho_reconstruction,1
90,dev,0.736072354535798,0.716249597558378,5000,0,ho_reconstruction,1
90,chisq,0.867603079940441,0.846587819874791,5000,0,ho_reconstruction,1
90,se,0.965771173914794,0.962127411041754,5000,0,ho_reconstruction,1
100,dev,0.736665961339991,0.717028731540494,5000,0,ho_reconstruction,1
100,chisq,0.867695564515266,0.846855892863229,5000,0,ho_reconstruction,1
100,se,0.965823426835885,0.962345695607835,5000,0,ho_reconstruction,1
10,dev,0.37347246346281,0.292181217296746,4513,0.0974,ho_completion,1
10,chisq,0.528099692771912,0.40003139054028,4550,0.09,ho_completion,1
10,se,0.35361869972023,0.171096767408034,4651,0.0698,ho_completion,1
20,dev,0.535426556428636,0.40168305674287,4513,0.0974,ho_completion,1
20,chisq,0.700209594029848,0.524532649702996,4550,0.09,ho_completion,1
20,se,0.564275942011201,0.18054446055082,4651,0.0698,ho_completion,1
30,dev,0.603170054403534,0.433457924257304,4513,0.0974,ho_completion,1
30,chisq,0.769166412446983,0.572797249468709,4550,0.09,ho_completion,1
30,se,0.653424919495113,-0.0180440460455883,4651,0.0698,ho_completion,1
40,dev,0.709307358857733,0.513966670031766,4513,0.0974,ho_completion,1
40,chisq,0.868105212401423,0.665739590410047,4550,0.09,ho_completion,1
40,se,0.805935831017716,-0.00899149382372844,4651,0.0698,ho_completion,1
50,dev,0.709026579630154,0.512654211694792,4513,0.0974,ho_completion,1
50,chisq,0.868209755764542,0.664716196049531,4550,0.09,ho_completion,1
50,se,0.805850716651552,-0.0201342710938972,4651,0.0698,ho_completion,1
60,dev,0.708990369005386,0.513130300030822,4513,0.0974,ho_completion,1
60,chisq,0.868452360483963,0.665148879916945,4550,0.09,ho_completion,1
60,se,0.806086032893617,-0.0159508365864904,4651,0.0698,ho_completion,1
70,dev,0.709000765465803,0.512463082883636,4513,0.0974,ho_completion,1
70,chisq,0.868470617781974,0.664861584461969,4550,0.09,ho_completion,1
70,se,0.806180338648118,-0.0201724086099385,4651,0.0698,ho_completion,1
80,dev,0.705907748956427,0.511137637051672,4513,0.0974,ho_completion,1
80,chisq,0.864218138101486,0.661388670234998,4550,0.09,ho_completion,1
80,se,0.804818445499834,-0.001580747610181,4651,0.0698,ho_completion,1
90,dev,0.705621234989514,0.508413613468599,4513,0.0974,ho_completion,1
90,chisq,0.864822264901292,0.659703918443821,4550,0.09,ho_completion,1
90,se,0.805629904450501,-0.0142900941343243,4651,0.0698,ho_completion,1
100,dev,0.70292229219506,0.5036876775844,4513,0.0974,ho_completion,1
100,chisq,0.862898863016195,0.654968907916631,4550,0.09,ho_completion,1
100,se,0.801551002741849,-0.023409282028223,4651,0.0698,ho_completion,1
10,dev,0.343115615770819,0.329583932252737,1000,0,insample,2
10,chisq,0.479975101007289,0.450833123411954,1000,0,insample,2
10,se,0.443642763425993,0.455018382753438,1000,0,insample,2
20,dev,0.528093706637406,0.510887572992224,1000,0,insample,2
20,chisq,0.679373626999841,0.652097115383524,1000,0,insample,2
20,se,0.698162573849101,0.70985600851161,1000,0,insample,2
30,dev,0.665268904799065,0.644151995761804,1000,0,insample,2
30,chisq,0.801885368165484,0.776841282852977,1000,0,insample,2
30,se,0.887331952762475,0.889596175281646,1000,0,insample,2
40,dev,0.742123693744853,0.721826392543973,1000,0,insample,2
40,chisq,0.870622975278714,0.850633873977439,1000,0,insample,2
40,se,0.965097521856094,0.959651886629307,1000,0,insample,2
50,dev,0.735419339855898,0.714870036434293,1000,0,insample,2
50,chisq,0.864877237277673,0.844470369219095,1000,0,insample,2
50,se,0.963623592024027,0.958421630108991,1000,0,insample,2
60,dev,0.736557984248306,0.71574541648138,1000,0,insample,2
60,chisq,0.866792603429071,0.84635471217047,1000,0,insample,2
60,se,0.965155366079353,0.958730222396892,1000,0,insample,2
70,dev,0.735713808783936,0.714835927147397,1000,0,insample,2
70,chisq,0.866704815414682,0.846184014879241,1000,0,insample,2
70,se,0.964484867568609,0.957783929129934,1000,0,insample,2
80,dev,0.738609840854611,0.717900299284463,1000,0,insample,2
80,chisq,0.86910693586268,0.848810313833863,1000,0,insample,2
80,se,0.965404464862674,0.958258215617562,1000,0,insample,2
90,dev,0.736708043013746,0.715836714754461,1000,0,insample,2
90,chisq,0.868291952282129,0.847968277877504,1000,0,insample,2
90,se,0.965221499579283,0.957497121736873,1000,0,insample,2
100,dev,0.734843619907823,0.713040521190677,1000,0,insample,2
100,chisq,0.865874585044869,0.844042304270831,1000,0,insample,2
100,se,0.964811532120414,0.95845083601934,1000,0,insample,2
10,dev,0.314574977315778,0.303166201182246,5000,0,ho_reconstruction,2
10,chisq,0.450031490566198,0.424205653942915,5000,0,ho_reconstruction,2
10,se,0.420366702088714,0.43511283065696,5000,0,ho_reconstruction,2
20,dev,0.493328435604275,0.477473136954358,5000,0,ho_reconstruction,2
20,chisq,0.648238535237594,0.621248473773209,5000,0,ho_reconstruction,2
20,se,0.676600759365983,0.690843404159977,5000,0,ho_reconstruction,2
30,dev,0.63897425847648,0.619397782476225,5000,0,ho_reconstruction,2
30,chisq,0.782846357287131,0.758321449701557,5000,0,ho_reconstruction,2
30,se,0.8870424257579,0.891059926074767,5000,0,ho_reconstruction,2
40,dev,0.727525709086629,0.708266696085422,5000,0,ho_reconstruction,2
40,chisq,0.861503455569562,0.841487408894362,5000,0,ho_reconstruction,2
40,se,0.962826911338886,0.958301642248169,5000,0,ho_reconstruction,2
50,dev,0.724008442764558,0.704954696188596,5000,0,ho_reconstruction,2
50,chisq,0.857580278275155,0.837611793445134,5000,0,ho_reconstruction,2
50,se,0.961245046552652,0.9573777868171,5000,0,ho_reconstruction,2
60,dev,0.725555783858873,0.706425388112537,5000,0,ho_reconstruction,2
60,chisq,0.858886173370765,0.83886768329282,5000,0,ho_reconstruction,2
60,se,0.962358540787531,0.958098593375496,5000,0,ho_reconstruction,2
70,dev,0.726511661211951,0.707443502762841,5000,0,ho_reconstruction,2
70,chisq,0.859410854326958,0.839521281896354,5000,0,ho_reconstruction,2
70,se,0.96220254473861,0.957938745680001,5000,0,ho_reconstruction,2
80,dev,0.729816161861733,0.710631065227666,5000,0,ho_reconstruction,2
80,chisq,0.862536816149067,0.842503663876571,5000,0,ho_reconstruction,2
80,se,0.963265592771147,0.958546356403364,5000,0,ho_reconstruction,2
90,dev,0.731526432652577,0.712523807453579,5000,0,ho_reconstruction,2
90,chisq,0.863331046669503,0.843520234897015,5000,0,ho_reconstruction,2
90,se,0.963023682209226,0.95867654384545,5000,0,ho_reconstruction,2
100,dev,0.732893609508298,0.713924979177414,5000,0,ho_reconstruction,2
100,chisq,0.864557274467218,0.844856021338271,5000,0,ho_reconstruction,2
100,se,0.963506125031463,0.95899020588224,5000,0,ho_reconstruction,2
10,dev,0.313004249789695,0.229926066343831,4611,0.0778,ho_completion,2
10,chisq,0.457511943705692,0.320558920321855,4632,0.0736,ho_completion,2
10,se,0.323886285735557,0.115412862519067,4769,0.0462,ho_completion,2
20,dev,0.460698350899557,0.348762789385369,4611,0.0778,ho_completion,2
20,chisq,0.626306664605071,0.462597334444576,4632,0.0736,ho_completion,2
20,se,0.485855322020204,0.166439889443809,4769,0.0462,ho_completion,2
30,dev,0.611995181342965,0.452728250615981,4611,0.0778,ho_completion,2
30,chisq,0.780155531541969,0.592680842716354,4632,0.0736,ho_completion,2
30,se,0.693853430550582,0.0615654609179643,4769,0.0462,ho_completion,2
40,dev,0.689091586459287,0.506039094908242,4611,0.0778,ho_completion,2
40,chisq,0.851926445528086,0.653199205212873,4632,0.0736,ho_completion,2
40,se,0.77905255703096,-0.0356304090940677,4769,0.0462,ho_completion,2
50,dev,0.68568593380781,0.504637470854541,4611,0.0778,ho_completion,2
50,chisq,0.847877699964052,0.649897441408929,4632,0.0736,ho_completion,2
50,se,0.777545613156247,-0.00491203431217198,4769,0.0462,ho_completion,2
60,dev,0.688158704522729,0.505339539320565,4611,0.0778,ho_completion,2
60,chisq,0.850941066278739,0.65180540802042,4632,0.0736,ho_completion,2
60,se,0.778626610629515,-0.0194445217141248,4769,0.0462,ho_completion,2
70,dev,0.685702928465571,0.502988711698721,4611,0.0778,ho_completion,2
70,chisq,0.84852712305428,0.648387362967094,4632,0.0736,ho_completion,2
70,se,0.77656034635802,-0.0238685669148031,4769,0.0462,ho_completion,2
80,dev,0.687194527702807,0.50260106609844,4611,0.0778,ho_completion,2
80,chisq,0.849959775473646,0.64926923948049,4632,0.0736,ho_completion,2
80,se,0.777628387080202,-0.0312251609004872,4769,0.0462,ho_completion,2
90,dev,0.685428783332671,0.502107049907571,4611,0.0778,ho_completion,2
90,chisq,0.848492702231354,0.646865314751564,4632,0.0736,ho_completion,2
90,se,0.777383436968692,-0.0156884222964896,4769,0.0462,ho_completion,2
100,dev,0.68333513943658,0.501173880821375,4611,0.0778,ho_completion,2
100,chisq,0.84614308158983,0.645590045171054,4632,0.0736,ho_completion,2
100,se,0.77579855005892,-0.00942046126719246,4769,0.0462,ho_completion,2
10,dev,0.354823670775607,0.342066007001982,1000,0,insample,3
10,chisq,0.489101266475745,0.463466923585601,1000,0,insample,3
10,se,0.462637586419194,0.468690406194077,1000,0,insample,3
20,dev,0.549207338425695,0.531252008733699,1000,0,insample,3
20,chisq,0.695333259003131,0.669734106120331,1000,0,insample,3
20,se,0.726793736700437,0.736214875894387,1000,0,insample,3
30,dev,0.670079278830081,0.651298680670968,1000,0,insample,3
30,chisq,0.804331979198176,0.78302677236325,1000,0,insample,3
30,se,0.896693157697347,0.898736117937619,1000,0,insample,3
40,dev,0.732689063328603,0.714413042771258,1000,0,insample,3
40,chisq,0.861161379423818,0.84295853407826,1000,0,insample,3
40,se,0.962504647072173,0.958441273219538,1000,0,insample,3
50,dev,0.734981637407848,0.716414257512305,1000,0,insample,3
50,chisq,0.86487454339316,0.846813112985692,1000,0,insample,3
50,se,0.967150953625366,0.960784225519286,1000,0,insample,3
60,dev,0.735678147921315,0.71708014566877,1000,0,insample,3
60,chisq,0.865014534487784,0.846945051597882,1000,0,insample,3
60,se,0.966227957420779,0.960179211780459,1000,0,insample,3
70,dev,0.735551518080942,0.71712061082184,1000,0,insample,3
70,chisq,0.867009686783594,0.849217282091691,1000,0,insample,3
70,se,0.967401084412499,0.959202522913277,1000,0,insample,3
80,dev,0.734831924935969,0.715744287998293,1000,0,insample,3
80,chisq,0.866123429244092,0.847783765075186,1000,0,insample,3
80,se,0.967652466447843,0.959505689553299,1000,0,insample,3
90,dev,0.736808058381449,0.717777661515009,1000,0,insample,3
90,chisq,0.867217970415411,0.848658106660871,1000,0,insample,3
90,se,0.967380772187102,0.960052780990673,1000,0,insample,3
100,dev,0.734451792651774,0.715487621060485,1000,0,insample,3
100,chisq,0.865073098434701,0.846612644004716,1000,0,insample,3
100,se,0.967388643082193,0.959716212740912,1000,0,insample,3
10,dev,0.316364618553479,0.303319553647884,5000,0,ho_reconstruction,3
10,chisq,0.453531945388821,0.425408473390884,5000,0,ho_reconstruction,3
10,se,0.426303217689746,0.435491730878059,5000,0,ho_reconstruction,3
20,dev,0.517957434688426,0.499408468878576,5000,0,ho_reconstruction,3
20,chisq,0.673199184623306,0.645210624516857,5000,0,ho_reconstruction,3
20,se,0.710577330508904,0.720149932268475,5000,0,ho_reconstruction,3
30,dev,0.639580531770447,0.618809822420615,5000,0,ho_reconstruction,3
30,chisq,0.785258208025031,0.760636542072484,5000,0,ho_reconstruction,3
30,se,0.896092957373841,0.898149277640652,5000,0,ho_reconstruction,3
40,dev,0.710669583419575,0.691536989458217,5000,0,ho_reconstruction,3
40,chisq,0.847387895360927,0.827157494281004,5000,0,ho_reconstruction,3
40,se,0.956941998725794,0.955275946245176,5000,0,ho_reconstruction,3
50,dev,0.717719517507098,0.698582778111506,5000,0,ho_reconstruction,3
50,chisq,0.85337704076042,0.833690716778342,5000,0,ho_reconstruction,3
50,se,0.962668096756918,0.959616070154636,5000,0,ho_reconstruction,3
60,dev,0.721700403216805,0.702515873510632,5000,0,ho_reconstruction,3
60,chisq,0.857011615828529,0.837211323914702,5000,0,ho_reconstruction,3
60,se,0.963259579995656,0.96026842187679,5000,0,ho_reconstruction,3
70,dev,0.723822682136817,0.704575610250236,5000,0,ho_reconstruction,3
70,chisq,0.858959218630657,0.839050842515684,5000,0,ho_reconstruction,3
70,se,0.964095269800063,0.960676509740988,5000,0,ho_reconstruction,3
80,dev,0.724581511657542,0.705266018811674,5000,0,ho_reconstruction,3
80,chisq,0.859328337199451,0.839314385189524,5000,0,ho_reconstruction,3
80,se,0.964399236448747,0.960793001314681,5000,0,ho_reconstruction,3
90,dev,0.725764225368624,0.706679944648722,5000,0,ho_reconstruction,3
90,chisq,0.859902006135064,0.840128752757468,5000,0,ho_reconstruction,3
90,se,0.964208283369201,0.960878980397498,5000,0,ho_reconstruction,3
100,dev,0.72687430105238,0.707642644094366,5000,0,ho_reconstruction,3
100,chisq,0.860772996308683,0.840918679283933,5000,0,ho_reconstruction,3
100,se,0.964829253491538,0.961360155086822,5000,0,ho_reconstruction,3
10,dev,0.300825302140552,0.239644572144615,4665,0.067,ho_completion,3
10,chisq,0.436977742898373,0.331659738884094,4691,0.0618,ho_completion,3
10,se,0.323913354471038,0.190161029553938,4792,0.0416,ho_completion,3
20,dev,0.494280183016818,0.383992585929853,4665,0.067,ho_completion,3
20,chisq,0.66076630590893,0.512675816686197,4691,0.0618,ho_completion,3
20,se,0.55673626138695,0.182462150631114,4792,0.0416,ho_completion,3
30,dev,0.596424321555533,0.459409524586746,4665,0.067,ho_completion,3
30,chisq,0.764891593500055,0.600639572145988,4691,0.0618,ho_completion,3
30,se,0.703105999952106,0.138776633564722,4792,0.0416,ho_completion,3
40,dev,0.670822334224068,0.505641677464681,4665,0.067,ho_completion,3
40,chisq,0.838058728743503,0.659757292997402,4691,0.0618,ho_completion,3
40,se,0.780260772873564,-0.043805028176867,4792,0.0416,ho_completion,3
50,dev,0.668292804992502,0.504523127278488,4665,0.067,ho_completion,3
50,chisq,0.834874936808784,0.658017925145928,4691,0.0618,ho_completion,3
50,se,0.778987070580009,-0.0393420034906427,4792,0.0416,ho_completion,3
60,dev,0.669393429456063,0.506549688492527,4665,0.067,ho_completion,3
60,chisq,0.835838519364303,0.659019840670117,4691,0.0618,ho_completion,3
60,se,0.77984140371283,-0.0266159947393138,4792,0.0416,ho_completion,3
70,dev,0.671774371306848,0.508045901552947,4665,0.067,ho_completion,3
70,chisq,0.838462902835804,0.66131649109534,4691,0.0618,ho_completion,3
70,se,0.780346653046493,-0.0251435280208631,4792,0.0416,ho_completion,3
80,dev,0.668087389867249,0.503167277736844,4665,0.067,ho_completion,3
80,chisq,0.835179505024166,0.656252679199425,4691,0.0618,ho_completion,3
80,se,0.778795959866907,-0.0314435156831472,4792,0.0416,ho_completion,3
90,dev,0.671159689131539,0.506579231098533,4665,0.067,ho_completion,3
90,chisq,0.837074097902007,0.658937880823084,4691,0.0618,ho_completion,3
90,se,0.780260958762902,-0.0252900166999875,4792,0.0416,ho_completion,3
100,dev,0.669977611598864,0.504674236576881,4665,0.067,ho_completion,3
100,chisq,0.836969194476641,0.658593601693466,4691,0.0618,ho_completion,3
100,se,0.779227134051192,-0.0434294588039231,4792,0.0416,ho_completion,3
10,dev,0.339529374123635,0.328014453249191,1000,0,insample,4
10,chisq,0.473465577527804,0.446821217552352,1000,0,insample,4
10,se,0.439589058953113,0.451788949557147,1000,0,insample,4
20,dev,0.530092477822698,0.514793888979997,1000,0,insample,4
20,chisq,0.680183632916221,0.653808895179284,1000,0,insample,4
20,se,0.69824180025831,0.712782058603025,1000,0,insample,4
30,dev,0.655543289485041,0.636464800282755,1000,0,insample,4
30,chisq,0.793231304588848,0.769497493220964,1000,0,insample,4
30,se,0.878998094433152,0.885904013475134,1000,0,insample,4
40,dev,0.731721211156109,0.712368653584996,1000,0,insample,4
40,chisq,0.863551409157087,0.843796589148435,1000,0,insample,4
40,se,0.963834843032422,0.960130074972257,1000,0,insample,4
50,dev,0.733807964215051,0.714070579073795,1000,0,insample,4
50,chisq,0.867284107470989,0.847562037245271,1000,0,insample,4
50,se,0.966919954257962,0.961361141737882,1000,0,insample,4
60,dev,0.730615857689732,0.710822168998202,1000,0,insample,4
60,chisq,0.862949883343282,0.842695960696811,1000,0,insample,4
60,se,0.965786598783614,0.960742330421492,1000,0,insample,4
70,dev,0.732143754650627,0.712331618331774,1000,0,insample,4
70,chisq,0.867168594524455,0.847491607614298,1000,0,insample,4
70,se,0.966988341524965,0.959723483052332,1000,0,insample,4
80,dev,0.732078511467163,0.712435829098766,1000,0,insample,4
80,chisq,0.865624517676068,0.845957813239009,1000,0,insample,4
80,se,0.96618297314471,0.959806910276458,1000,0,insample,4
90,dev,0.733681442096816,0.71393334698448,1000,0,insample,4
90,chisq,0.867803928957724,0.8483006840181,1000,0,insample,4
90,se,0.967168088035878,0.960160778419769,1000,0,insample,4
100,dev,0.727941528549388,0.707865683668789,1000,0,insample,4
100,chisq,0.862662098766021,0.84223349968755,1000,0,insample,4
100,se,0.966541757281931,0.95964900320892,1000,0,insample,4
10,dev,0.312787099509533,0.302346752268827,5000,0,ho_reconstruction,4
10,chisq,0.447282854791678,0.422253585217608,5000,0,ho_reconstruction,4
10,se,0.413938588156949,0.42535165374345,5000,0,ho_reconstruction,4
20,dev,0.50211504444589,0.487902514856794,5000,0,ho_reconstruction,4
20,chisq,0.657876520996987,0.632617453218309,5000,0,ho_reconstruction,4
20,se,0.671354177582923,0.68906101890963,5000,0,ho_reconstruction,4
30,dev,0.6267300832025,0.609030506555837,5000,0,ho_reconstruction,4
30,chisq,0.772548355917006,0.749090733292863,5000,0,ho_reconstruction,4
30,se,0.870994148643981,0.87823147556421,5000,0,ho_reconstruction,4
40,dev,0.718046066326412,0.699620588513184,5000,0,ho_reconstruction,4
40,chisq,0.854704526771891,0.83495267355922,5000,0,ho_reconstruction,4
40,se,0.958210948849347,0.955869334879903,5000,0,ho_reconstruction,4
50,dev,0.725504247812343,0.707072379159584,5000,0,ho_reconstruction,4
50,chisq,0.861380975956163,0.841908243278869,5000,0,ho_reconstruction,4
50,se,0.962411015245836,0.959054947670015,5000,0,ho_reconstruction,4
60,dev,0.725202939493425,0.706923092128199,5000,0,ho_reconstruction,4
60,chisq,0.860535018946376,0.841154991394937,5000,0,ho_reconstruction,4
60,se,0.961070344038717,0.958309042510945,5000,0,ho_reconstruction,4
70,dev,0.727243142145262,0.70882506192153,5000,0,ho_reconstruction,4
70,chisq,0.862752907828344,0.843353769491361,5000,0,ho_reconstruction,4
70,se,0.962939631600218,0.959101409203829,5000,0,ho_reconstruction,4
80,dev,0.729128226553425,0.710876879133127,5000,0,ho_reconstruction,4
80,chisq,0.863981885382169,0.844789111682036,5000,0,ho_reconstruction,4
80,se,0.963096377245233,0.959601231842662,5000,0,ho_reconstruction,4
90,dev,0.729280748091865,0.71094497791355,5000,0,ho_reconstruction,4
90,chisq,0.864088860981611,0.844908314422077,5000,0,ho_reconstruction,4
90,se,0.963127127661142,0.959597483715266,5000,0,ho_reconstruction,4
100,dev,0.730417924960361,0.712014517406761,5000,0,ho_reconstruction,4
100,chisq,0.864491773527651,0.845195156408547,5000,0,ho_reconstruction,4
100,se,0.963325934725448,0.959684280419426,5000,0,ho_reconstruction,4
10,dev,0.341415741530491,0.291259057877711,4493,0.1014,ho_completion,4
10,chisq,0.487406881757596,0.399194527833383,4513,0.0974,ho_completion,4
10,se,0.335638076639996,0.22547591782078,4700,0.06,ho_completion,4
20,dev,0.483439248081309,0.380940207264573,4493,0.1014,ho_completion,4
20,chisq,0.651205757658964,0.506764048553381,4513,0.0974,ho_completion,4
20,se,0.51046488693487,0.237166653441723,4700,0.06,ho_completion,4
30,dev,0.586773839040377,0.449117977831145,4493,0.1014,ho_completion,4
30,chisq,0.758363587640108,0.592922440965907,4513,0.0974,ho_completion,4
30,se,0.660943443361405,0.122926159806057,4700,0.06,ho_completion,4
40,dev,0.670612169772814,0.492965504932196,4493,0.1014,ho_completion,4
40,chisq,0.843790091338667,0.650503064592749,4513,0.0974,ho_completion,4
40,se,0.761734766569032,-0.106321607849482,4700,0.06,ho_completion,4
50,dev,0.675521468852528,0.495601180868019,4493,0.1014,ho_completion,4
50,chisq,0.848056837498464,0.652884177138299,4513,0.0974,ho_completion,4
50,se,0.766125834687954,-0.116079438073169,4700,0.06,ho_completion,4
60,dev,0.673941045309781,0.495581484878189,4493,0.1014,ho_completion,4
60,chisq,0.845763121608901,0.651842839877558,4513,0.0974,ho_completion,4
60,se,0.76444785387646,-0.0946826429855527,4700,0.06,ho_completion,4
70,dev,0.674023034287467,0.493152427906991,4493,0.1014,ho_completion,4
70,chisq,0.847054514268027,0.650766351134385,4513,0.0974,ho_completion,4
70,se,0.765384071359223,-0.130467775784939,4700,0.06,ho_completion,4
80,dev,0.672417606252386,0.492568035251503,4493,0.1014,ho_completion,4
80,chisq,0.844679003244645,0.649544267857404,4513,0.0974,ho_completion,4
80,se,0.762992568663951,-0.109837619712574,4700,0.06,ho_completion,4
90,dev,0.673267651415824,0.488212425916826,4493,0.1014,ho_completion,4
90,chisq,0.84751837446797,0.64785153490138,4513,0.0974,ho_completion,4
90,se,0.764482800086099,-0.163926561618827,4700,0.06,ho_completion,4
100,dev,0.672048805921466,0.491510454805154,4493,0.1014,ho_completion,4
100,chisq,0.845391819909011,0.649174707289705,4513,0.0974,ho_completion,4
100,se,0.763444940129439,-0.13558129937009,4700,0.06,ho_completion,4
10,dev,0.361609574922358,0.348071067174073,1000,0,insample,5
10,chisq,0.497673986538157,0.469704927500805,1000,0,insample,5
10,se,0.468829100986649,0.471974812293891,1000,0,insample,5
20,dev,0.547682489493727,0.531149420891927,1000,0,insample,5
20,chisq,0.693738263847277,0.667947097101121,1000,0,insample,5
20,se,0.709576315969514,0.716178056709371,1000,0,insample,5
30,dev,0.664570223671897,0.648607731579165,1000,0,insample,5
30,chisq,0.799743651434381,0.780063715159614,1000,0,insample,5
30,se,0.879661255357926,0.884979590455057,1000,0,insample,5
40,dev,0.739953605514738,0.722244289498721,1000,0,insample,5
40,chisq,0.866094164374803,0.84848471465086,1000,0,insample,5
40,se,0.964926454297884,0.961325867298138,1000,0,insample,5
50,dev,0.745462862600206,0.727709450900736,1000,0,insample,5
50,chisq,0.87260003459581,0.855131656013241,1000,0,insample,5
50,se,0.968819975191126,0.963228090200499,1000,0,insample,5
60,dev,0.744738403082613,0.7271231601647,1000,0,insample,5
60,chisq,0.87283807238163,0.855787739188672,1000,0,insample,5
60,se,0.968902481036282,0.96267993617772,1000,0,insample,5
70,dev,0.74294813629646,0.725183738564541,1000,0,insample,5
70,chisq,0.871340437727563,0.853748987328681,1000,0,insample,5
70,se,0.969246927008279,0.96257511050777,1000,0,insample,5
80,dev,0.734709855766306,0.716944476998406,1000,0,insample,5
80,chisq,0.863716661911798,0.845911049996689,1000,0,insample,5
80,se,0.967419334655449,0.961783965292651,1000,0,insample,5
90,dev,0.741602776539845,0.723518589078659,1000,0,insample,5
90,chisq,0.869621135656408,0.851670723548814,1000,0,insample,5
90,se,0.969014327625486,0.96260540517198,1000,0,insample,5
100,dev,0.746005256574883,0.728422188627618,1000,0,insample,5
100,chisq,0.872554046897363,0.855199851427638,1000,0,insample,5
100,se,0.969838671012307,0.96365954912614,1000,0,insample,5
10,dev,0.32219850490648,0.310487499924172,5000,0,ho_reconstruction,5
10,chisq,0.457978534884398,0.430967886446329,5000,0,ho_reconstruction,5
10,se,0.42671221123658,0.434797986401023,5000,0,ho_reconstruction,5
20,dev,0.514499445839119,0.498212921583601,5000,0,ho_reconstruction,5
20,chisq,0.666982053167923,0.639603027674993,5000,0,ho_reconstruction,5
20,se,0.687515266240807,0.698401603208862,5000,0,ho_reconstruction,5
30,dev,0.628407196088908,0.611787358027067,5000,0,ho_reconstruction,5
30,chisq,0.773002714201542,0.750650825643675,5000,0,ho_reconstruction,5
30,se,0.867025728515987,0.875370526523332,5000,0,ho_reconstruction,5
40,dev,0.719902571779797,0.701379893164887,5000,0,ho_reconstruction,5
40,chisq,0.85357703517693,0.833642022056617,5000,0,ho_reconstruction,5
40,se,0.957741708709398,0.955742672657024,5000,0,ho_reconstruction,5
50,dev,0.730406587169444,0.712112090450233,5000,0,ho_reconstruction,5
50,chisq,0.863618435740446,0.844536985993074,5000,0,ho_reconstruction,5
50,se,0.963786489288537,0.960238242655927,5000,0,ho_reconstruction,5
60,dev,0.7313486074952,0.713060674456919,5000,0,ho_reconstruction,5
60,chisq,0.864409791175219,0.845312315287306,5000,0,ho_reconstruction,5
60,se,0.963999254226633,0.960472735953532,5000,0,ho_reconstruction,5
70,dev,0.731857630631782,0.713648212364131,5000,0,ho_reconstruction,5
70,chisq,0.86402302008447,0.844916752920948,5000,0,ho_reconstruction,5
70,se,0.963505753093003,0.96019449275737,5000,0,ho_reconstruction,5
80,dev,0.73129457591409,0.713309155481041,5000,0,ho_reconstruction,5
80,chisq,0.863365088184578,0.844499572800243,5000,0,ho_reconstruction,5
80,se,0.963244191283331,0.960124582621864,5000,0,ho_reconstruction,5
90,dev,0.733350982715485,0.715116522475317,5000,0,ho_reconstruction,5
90,chisq,0.864698915953433,0.845650152670741,5000,0,ho_reconstruction,5
90,se,0.964084366106998,0.960566593178594,5000,0,ho_reconstruction,5
100,dev,0.735010772310906,0.716979610003507,5000,0,ho_reconstruction,5
100,chisq,0.865867678569927,0.84699366376337,5000,0,ho_reconstruction,5
100,se,0.963935204543865,0.960657359174599,5000,0,ho_reconstruction,5
10,dev,0.327546192920553,0.255273470882987,4512,0.0976,ho_completion,5
10,chisq,0.478427121594217,0.34854001943301,4545,0.091,ho_completion,5
10,se,0.326540561217183,0.180149501893132,4682,0.0636,ho_completion,5
20,dev,0.538024239221226,0.411460056651725,4512,0.0976,ho_completion,5
20,chisq,0.707234703427566,0.536959647471982,4545,0.091,ho_completion,5
20,se,0.587364605829013,0.146085394922929,4682,0.0636,ho_completion,5
30,dev,0.5801352906522,0.434377699035832,4512,0.0976,ho_completion,5
30,chisq,0.754336749847931,0.570259362883119,4545,0.091,ho_completion,5
30,se,0.641724980191627,0.107067829173215,4682,0.0636,ho_completion,5
40,dev,0.677154310617881,0.495940272364412,4512,0.0976,ho_completion,5
40,chisq,0.847803515120658,0.644580264837032,4545,0.091,ho_completion,5
40,se,0.76160936446926,-0.0725014758879295,4682,0.0636,ho_completion,5
50,dev,0.677985011273976,0.49738562693221,4512,0.0976,ho_completion,5
50,chisq,0.848577571821863,0.645434427090548,4545,0.091,ho_completion,5
50,se,0.762013859785315,-0.0773433028193528,4682,0.0636,ho_completion,5
60,dev,0.677083528857429,0.495381439362291,4512,0.0976,ho_completion,5
60,chisq,0.847614157561412,0.643666687489255,4545,0.091,ho_completion,5
60,se,0.761190100478757,-0.0805914654716323,4682,0.0636,ho_completion,5
70,dev,0.674320432698666,0.492292205717603,4512,0.0976,ho_completion,5
70,chisq,0.845603851542941,0.640823565098084,4545,0.091,ho_completion,5
70,se,0.757919456747123,-0.0869837292254512,4682,0.0636,ho_completion,5
80,dev,0.662102206406287,0.476714022100454,4512,0.0976,ho_completion,5
80,chisq,0.834484104494233,0.624107287950753,4545,0.091,ho_completion,5
80,se,0.75063685851309,-0.0879786335538303,4682,0.0636,ho_completion,5
90,dev,0.673319717154123,0.484540847044126,4512,0.0976,ho_completion,5
90,chisq,0.846170029357346,0.636140480169924,4545,0.091,ho_completion,5
90,se,0.758389136624887,-0.120539866996107,4682,0.0636,ho_completion,5
100,dev,0.675035705339084,0.491764560416866,4512,0.0976,ho_completion,5
100,chisq,0.846459000070557,0.641143002957872,4545,0.091,ho_completion,5
100,se,0.759690174902253,-0.0908288902576066,4682,0.0636,ho_completion,5
10,dev,0.354185596289762,0.338178552457419,1000,0,insample,6
10,chisq,0.489918317378895,0.456483014387186,1000,0,insample,6
10,se,0.447796652646162,0.456181779734843,1000,0,insample,6
20,dev,0.559968505782677,0.540784104399462,1000,0,insample,6
20,chisq,0.704533044663681,0.675720798223033,1000,0,insample,6
20,se,0.720154421153707,0.72976552358946,1000,0,insample,6
30,dev,0.672834128883992,0.652338703623447,1000,0,insample,6
30,chisq,0.806358089389781,0.782008716858104,1000,0,insample,6
30,se,0.88025813333095,0.88730599811144,1000,0,insample,6
40,dev,0.752824993095021,0.731881091894993,1000,0,insample,6
40,chisq,0.87826440772889,0.858372970720415,1000,0,insample,6
40,se,0.967471144605754,0.962490762235688,1000,0,insample,6
50,dev,0.751508702895634,0.730033188430525,1000,0,insample,6
50,chisq,0.877841640700547,0.857509802091379,1000,0,insample,6
50,se,0.968210708341655,0.962148339065998,1000,0,insample,6
60,dev,0.748143314379917,0.72675328975313,1000,0,insample,6
60,chisq,0.876290597932325,0.856066137334157,1000,0,insample,6
60,se,0.96797022330708,0.961057576358179,1000,0,insample,6
70,dev,0.746585169948627,0.724660748509444,1000,0,insample,6
70,chisq,0.873911956027179,0.853109356751932,1000,0,insample,6
70,se,0.967848903481385,0.960784260190557,1000,0,insample,6
80,dev,0.747665498734736,0.725778575349433,1000,0,insample,6
80,chisq,0.874797900092413,0.853926311780334,1000,0,insample,6
80,se,0.967955511490954,0.961316867406562,1000,0,insample,6
90,dev,0.747548680383565,0.726266222992679,1000,0,insample,6
90,chisq,0.873187263161382,0.852643329330529,1000,0,insample,6
90,se,0.967761163914816,0.961956064123237,1000,0,insample,6
100,dev,0.751160041964304,0.72967895598718,1000,0,insample,6
100,chisq,0.878076945865806,0.85783630159357,1000,0,insample,6
100,se,0.968466017534599,0.961371231578838,1000,0,insample,6
10,dev,0.319674683931379,0.30810941170448,5000,0,ho_reconstruction,6
10,chisq,0.455443071306555,0.427909107211503,5000,0,ho_reconstruction,6
10,se,0.412891078658047,0.423476774865752,5000,0,ho_reconstruction,6
20,dev,0.52571574791457,0.508360664838291,5000,0,ho_reconstruction,6
20,chisq,0.676942213648808,0.649179504986086,5000,0,ho_reconstruction,6
20,se,0.706909710692189,0.718102671535338,5000,0,ho_reconstruction,6
30,dev,0.635090212067385,0.617362093850053,5000,0,ho_reconstruction,6
30,chisq,0.778940076859189,0.755493042261381,5000,0,ho_reconstruction,6
30,se,0.865150468918271,0.874760657021602,5000,0,ho_reconstruction,6
40,dev,0.735302844477343,0.716331635042732,5000,0,ho_reconstruction,6
40,chisq,0.867689708348899,0.848256573806305,5000,0,ho_reconstruction,6
40,se,0.962479538580116,0.95970230228524,5000,0,ho_reconstruction,6
50,dev,0.73658870765405,0.71744081116402,5000,0,ho_reconstruction,6
50,chisq,0.868721529945595,0.849149068828141,5000,0,ho_reconstruction,6
50,se,0.964028919313138,0.960468111474885,5000,0,ho_reconstruction,6
60,dev,0.73633279500525,0.717357751140916,5000,0,ho_reconstruction,6
60,chisq,0.86820879119315,0.848715123995845,5000,0,ho_reconstruction,6
60,se,0.963317246446464,0.960226408681368,5000,0,ho_reconstruction,6
70,dev,0.7328978522057,0.713616615105933,5000,0,ho_reconstruction,6
70,chisq,0.864540419104346,0.844601770744541,5000,0,ho_reconstruction,6
70,se,0.962667116580134,0.959632232119966,5000,0,ho_reconstruction,6
80,dev,0.737421852511887,0.718536651383422,5000,0,ho_reconstruction,6
80,chisq,0.868244391610118,0.848792664921398,5000,0,ho_reconstruction,6
80,se,0.963665989963894,0.960541198676428,5000,0,ho_reconstruction,6
90,dev,0.738680189377982,0.719917320328239,5000,0,ho_reconstruction,6
90,chisq,0.868798309469845,0.849486642884455,5000,0,ho_reconstruction,6
90,se,0.963417035365609,0.960454430940026,5000,0,ho_reconstruction,6
100,dev,0.740967742010441,0.721947525742852,5000,0,ho_reconstruction,6
100,chisq,0.871307805253534,0.85189430210723,5000,0,ho_reconstruction,6
100,se,0.965117201197637,0.961407623855765,5000,0,ho_reconstruction,6
10,dev,0.312143335000729,0.261312238445977,4384,0.1232,ho_completion,6
10,chisq,0.451327962851319,0.354201143473244,4414,0.1172,ho_completion,6
10,se,0.301716612736833,0.193871370981792,4577,0.0846,ho_completion,6
20,dev,0.520868683526415,0.405415524411454,4384,0.1232,ho_completion,6
20,chisq,0.688044228568883,0.525075260822933,4414,0.1172,ho_completion,6
20,se,0.556427339569937,0.180228956186116,4577,0.0846,ho_completion,6
30,dev,0.607721330210909,0.46133867393481,4384,0.1232,ho_completion,6
30,chisq,0.774662981660322,0.591159643871034,4414,0.1172,ho_completion,6
30,se,0.674248448841833,0.124834445341072,4577,0.0846,ho_completion,6
40,dev,0.68597239223369,0.503849967216168,4384,0.1232,ho_completion,6
40,chisq,0.852891421140703,0.644589166009114,4414,0.1172,ho_completion,6
40,se,0.762190438126277,-0.05625763425409,4577,0.0846,ho_completion,6
50,dev,0.686533792702352,0.498237400612596,4384,0.1232,ho_completion,6
50,chisq,0.85525998382211,0.641361585296848,4414,0.1172,ho_completion,6
50,se,0.762728849302849,-0.0943630932873898,4577,0.0846,ho_completion,6
60,dev,0.68649236429385,0.500812389922829,4384,0.1232,ho_completion,6
60,chisq,0.854519506400903,0.643554446062079,4414,0.1172,ho_completion,6
60,se,0.763379317150402,-0.0748636316000096,4577,0.0846,ho_completion,6
70,dev,0.685431424665983,0.500624684657604,4384,0.1232,ho_completion,6
70,chisq,0.853379237292895,0.643009972105273,4414,0.1172,ho_completion,6
70,se,0.76225769046014,-0.0581918653942267,4577,0.0846,ho_completion,6
80,dev,0.685810148491447,0.496611567013413,4384,0.1232,ho_completion,6
80,chisq,0.854049966496218,0.639499768994092,4414,0.1172,ho_completion,6
80,se,0.762535911312102,-0.0932852663694517,4577,0.0846,ho_completion,6
90,dev,0.682461426729003,0.494962249419053,4384,0.1232,ho_completion,6
90,chisq,0.851028187965655,0.637197774822633,4414,0.1172,ho_completion,6
90,se,0.760179710147387,-0.0848058558452861,4577,0.0846,ho_completion,6
100,dev,0.682283904842775,0.49413641211524,4384,0.1232,ho_completion,6
100,chisq,0.850699901086206,0.635943180013551,4414,0.1172,ho_completion,6
100,se,0.759354051801552,-0.083728537406051,4577,0.0846,ho_completion,6
10,dev,0.350770994475913,0.337625295227131,1000,0,insample,7
10,chisq,0.488230171603907,0.45951136235562,1000,0,insample,7
10,se,0.450478077898396,0.459242428291828,1000,0,insample,7
20,dev,0.552559224462599,0.535040310003752,1000,0,insample,7
20,chisq,0.701381334741762,0.674790580617974,1000,0,insample,7
20,se,0.72392644498417,0.736995057840238,1000,0,insample,7
30,dev,0.659740580394901,0.641424470569249,1000,0,insample,7
30,chisq,0.794244339206406,0.771605726686322,1000,0,insample,7
30,se,0.872220865022534,0.880511509211015,1000,0,insample,7
40,dev,0.741644303866501,0.72140788307867,1000,0,insample,7
40,chisq,0.868337744808312,0.84825913648792,1000,0,insample,7
40,se,0.965193684347877,0.961799683750183,1000,0,insample,7
50,dev,0.743811388731467,0.723289910113774,1000,0,insample,7
50,chisq,0.871643991162925,0.851611192718569,1000,0,insample,7
50,se,0.967709001065578,0.962532286469736,1000,0,insample,7
60,dev,0.739927250712614,0.719167484589017,1000,0,insample,7
60,chisq,0.868283522521949,0.847851156416503,1000,0,insample,7
60,se,0.966691257085465,0.961627128059707,1000,0,insample,7
70,dev,0.737902883389756,0.717078116938461,1000,0,insample,7
70,chisq,0.866425398134592,0.845922869978308,1000,0,insample,7
70,se,0.967260557607649,0.961744198913416,1000,0,insample,7
80,dev,0.741749436244217,0.720994880551365,1000,0,insample,7
80,chisq,0.869925142659596,0.849813188019215,1000,0,insample,7
80,se,0.967473784683172,0.961720477931917,1000,0,insample,7
90,dev,0.744802037044686,0.724139402496609,1000,0,insample,7
90,chisq,0.873238488726959,0.853329167679503,1000,0,insample,7
90,se,0.968388829399053,0.961741766363881,1000,0,insample,7
100,dev,0.741830424057646,0.72083297468814,1000,0,insample,7
100,chisq,0.871298106489369,0.851038558303513,1000,0,insample,7
100,se,0.968218702857001,0.961056541014351,1000,0,insample,7
10,dev,0.32023664097733,0.309341746523858,5000,0,ho_reconstruction,7
10,chisq,0.458871086804947,0.431602290439944,5000,0,ho_reconstruction,7
10,se,0.420717759518901,0.429477506111341,5000,0,ho_reconstruction,7
20,dev,0.516403620545954,0.501379971863099,5000,0,ho_reconstruction,7
20,chisq,0.672531693779431,0.64612232892432,5000,0,ho_reconstruction,7
20,se,0.695085062371043,0.709177928357366,5000,0,ho_reconstruction,7
30,dev,0.628084020825116,0.610834970467102,5000,0,ho_reconstruction,7
30,chisq,0.772190208625996,0.748530061021596,5000,0,ho_reconstruction,7
30,se,0.87093257207408,0.878159067330915,5000,0,ho_reconstruction,7
40,dev,0.724836268581645,0.706517944388166,5000,0,ho_reconstruction,7
40,chisq,0.858343566917931,0.838301300411991,5000,0,ho_reconstruction,7
40,se,0.959669895308531,0.95796272448422,5000,0,ho_reconstruction,7
50,dev,0.731910003425012,0.713876439748271,5000,0,ho_reconstruction,7
50,chisq,0.864789834624488,0.845375380470397,5000,0,ho_reconstruction,7
50,se,0.962960914704438,0.960394496217737,5000,0,ho_reconstruction,7
60,dev,0.731128667104763,0.713043697487809,5000,0,ho_reconstruction,7
60,chisq,0.863201349160252,0.843565373733665,5000,0,ho_reconstruction,7
60,se,0.962631191874024,0.960335199486226,5000,0,ho_reconstruction,7
70,dev,0.730207470719869,0.712263102646864,5000,0,ho_reconstruction,7
70,chisq,0.862317422856306,0.842840976994728,5000,0,ho_reconstruction,7
70,se,0.962480356685071,0.960151144086786,5000,0,ho_reconstruction,7
80,dev,0.735300856222181,0.71732406282662,5000,0,ho_reconstruction,7
80,chisq,0.866773567339651,0.847504236537669,5000,0,ho_reconstruction,7
80,se,0.963744514369428,0.961106674947255,5000,0,ho_reconstruction,7
90,dev,0.735739414209794,0.71777143762552,5000,0,ho_reconstruction,7
90,chisq,0.867271173640685,0.847967870334412,5000,0,ho_reconstruction,7
90,se,0.964516067158705,0.961392181456774,5000,0,ho_reconstruction,7
100,dev,0.73507760346582,0.717202511550588,5000,0,ho_reconstruction,7
100,chisq,0.866223624910563,0.846992495102311,5000,0,ho_reconstruction,7
100,se,0.964351935393781,0.961369871539157,5000,0,ho_reconstruction,7
10,dev,0.333304315785799,0.28371261226368,4717,0.0566,ho_completion,7
10,chisq,0.476674079024357,0.385968378126695,4739,0.0522,ho_completion,7
10,se,0.346196737162031,0.25482003163742,4858,0.0284,ho_completion,7
20,dev,0.495413940914475,0.403311727275616,4717,0.0566,ho_completion,7
20,chisq,0.663591245921245,0.537258769899251,4739,0.0522,ho_completion,7
20,se,0.534259870486948,0.26170111435824,4858,0.0284,ho_completion,7
30,dev,0.580883959766265,0.449021515301201,4717,0.0566,ho_completion,7
30,chisq,0.750397958165857,0.598720118529894,4739,0.0522,ho_completion,7
30,se,0.676741713396858,0.141213108160727,4858,0.0284,ho_completion,7
40,dev,0.657893196728503,0.496319449450936,4717,0.0566,ho_completion,7
40,chisq,0.829621574767613,0.658649103777158,4739,0.0522,ho_completion,7
40,se,0.755151824411009,-0.0107580830197868,4858,0.0284,ho_completion,7
50,dev,0.664933036138385,0.501703835870593,4717,0.0566,ho_completion,7
50,chisq,0.83730088792847,0.666297234495754,4739,0.0522,ho_completion,7
50,se,0.760895883905742,-0.03751564410181,4858,0.0284,ho_completion,7
60,dev,0.663114488181206,0.497007385909711,4717,0.0566,ho_completion,7
60,chisq,0.835828995357099,0.661825729782839,4739,0.0522,ho_completion,7
60,se,0.759657095326453,-0.0682257822009388,4858,0.0284,ho_completion,7
70,dev,0.664523944749177,0.501422028211483,4717,0.0566,ho_completion,7
70,chisq,0.836609673520156,0.665580668219132,4739,0.0522,ho_completion,7
70,se,0.759901643526086,-0.0213498683646578,4858,0.0284,ho_completion,7
80,dev,0.660779695196916,0.493787790258271,4717,0.0566,ho_completion,7
80,chisq,0.833478665147494,0.657494171272324,4739,0.0522,ho_completion,7
80,se,0.756625394374504,-0.0555191370006346,4858,0.0284,ho_completion,7
90,dev,0.662714844581498,0.49419413028174,4717,0.0566,ho_completion,7
90,chisq,0.836295782956709,0.660378921117619,4739,0.0522,ho_completion,7
90,se,0.75711525616539,-0.0864910282490059,4858,0.0284,ho_completion,7
100,dev,0.663064258748681,0.494866084053878,4717,0.0566,ho_completion,7
100,chisq,0.836991001828361,0.661915689847573,4739,0.0522,ho_completion,7
100,se,0.758749487813671,-0.0641641658110884,4858,0.0284,ho_completion,7
10,dev,0.367982483385059,0.355469863853521,1000,0,insample,8
10,chisq,0.505389308638185,0.477633179520911,1000,0,insample,8
10,se,0.458041305253938,0.469082846185902,1000,0,insample,8
20,dev,0.55095940440572,0.535134057217465,1000,0,insample,8
20,chisq,0.699214297293597,0.673165171063097,1000,0,insample,8
20,se,0.701252150718192,0.711373443530231,1000,0,insample,8
30,dev,0.670861374183044,0.654735445798984,1000,0,insample,8
30,chisq,0.803541716182753,0.783024153764372,1000,0,insample,8
30,se,0.86952470703694,0.878326755827662,1000,0,insample,8
40,dev,0.74989005267841,0.731963376954632,1000,0,insample,8
40,chisq,0.873942337441065,0.856226364696324,1000,0,insample,8
40,se,0.963700643103775,0.960111543085184,1000,0,insample,8
50,dev,0.752564284226869,0.733909286513268,1000,0,insample,8
50,chisq,0.877952817013438,0.859978398648637,1000,0,insample,8
50,se,0.967290994847674,0.961307641448579,1000,0,insample,8
60,dev,0.755530806073729,0.736515151617044,1000,0,insample,8
60,chisq,0.881071717134001,0.862799820822212,1000,0,insample,8
60,se,0.967664811407055,0.960818516307472,1000,0,insample,8
70,dev,0.751905862953045,0.73288497021686,1000,0,insample,8
70,chisq,0.877633968589371,0.858980839420543,1000,0,insample,8
70,se,0.967331492236235,0.961293849468488,1000,0,insample,8
80,dev,0.752863432577908,0.733413451843935,1000,0,insample,8
80,chisq,0.878909954698574,0.860055884705042,1000,0,insample,8
80,se,0.967538416749515,0.961295548834596,1000,0,insample,8
90,dev,0.751249906274092,0.732116152667905,1000,0,insample,8
90,chisq,0.877110002887499,0.858371572384229,1000,0,insample,8
90,se,0.967016476586449,0.96091766912923,1000,0,insample,8
100,dev,0.752433784007962,0.733201174113252,1000,0,insample,8
100,chisq,0.878580402733407,0.860245096172585,1000,0,insample,8
100,se,0.967630043666549,0.96049574505105,1000,0,insample,8
10,dev,0.325940278789972,0.31564455912314,5000,0,ho_reconstruction,8
10,chisq,0.461248917660821,0.435651375744224,5000,0,ho_reconstruction,8
10,se,0.414705269480215,0.427248210352681,5000,0,ho_reconstruction,8
20,dev,0.520945635985576,0.506545911268796,5000,0,ho_reconstruction,8
20,chisq,0.67422468937945,0.648496007951043,5000,0,ho_reconstruction,8
20,se,0.676757542944069,0.690377865058731,5000,0,ho_reconstruction,8
30,dev,0.636617962483833,0.620231217169025,5000,0,ho_reconstruction,8
30,chisq,0.778523138290639,0.755987904422468,5000,0,ho_reconstruction,8
30,se,0.85882135007409,0.86991596859029,5000,0,ho_reconstruction,8
40,dev,0.733304116934888,0.715687829910332,5000,0,ho_reconstruction,8
40,chisq,0.863589245835728,0.845011425860184,5000,0,ho_reconstruction,8
40,se,0.958667560823624,0.957468208531612,5000,0,ho_reconstruction,8
50,dev,0.737644605230537,0.719367539167153,5000,0,ho_reconstruction,8
50,chisq,0.868149283831059,0.849239148996564,5000,0,ho_reconstruction,8
50,se,0.962236244505548,0.959891289879151,5000,0,ho_reconstruction,8
60,dev,0.741973114677412,0.723669626738565,5000,0,ho_reconstruction,8
60,chisq,0.871847709569655,0.852861390148002,5000,0,ho_reconstruction,8
60,se,0.962844612252992,0.960457696498961,5000,0,ho_reconstruction,8
70,dev,0.742071570481453,0.723984995402683,5000,0,ho_reconstruction,8
70,chisq,0.871389512961896,0.852648179732312,5000,0,ho_reconstruction,8
70,se,0.962768061888085,0.960442005613953,5000,0,ho_reconstruction,8
80,dev,0.744410614765334,0.726332009532475,5000,0,ho_reconstruction,8
80,chisq,0.873212516322324,0.854480779909222,5000,0,ho_reconstruction,8
80,se,0.963446400551846,0.960998042859092,5000,0,ho_reconstruction,8
90,dev,0.743207799537223,0.724854878922333,5000,0,ho_reconstruction,8
90,chisq,0.872206884764756,0.853199535284156,5000,0,ho_reconstruction,8
90,se,0.963446898228656,0.960747590089195,5000,0,ho_reconstruction,8
100,dev,0.74547672739415,0.727267296646445,5000,0,ho_reconstruction,8
100,chisq,0.873629959959704,0.85485556880055,5000,0,ho_reconstruction,8
100,se,0.963925867509476,0.961090155649246,5000,0,ho_reconstruction,8
10,dev,0.332640858467396,0.281846525407694,4009,0.1982,ho_completion,8
10,chisq,0.47103254606777,0.367957406601251,4037,0.1926,ho_completion,8
10,se,0.308184184370379,0.206017971618709,4312,0.1376,ho_completion,8
20,dev,0.500622088591829,0.401013504252519,4009,0.1982,ho_completion,8
20,chisq,0.662017127371402,0.505077995313483,4037,0.1926,ho_completion,8
20,se,0.490483618080664,0.217949642109055,4312,0.1376,ho_completion,8
30,dev,0.61927710425992,0.463556581029092,4009,0.1982,ho_completion,8
30,chisq,0.779766224778062,0.580850977516004,4037,0.1926,ho_completion,8
30,se,0.675794920983264,0.168595642762352,4312,0.1376,ho_completion,8
40,dev,0.697528755071016,0.532149228492688,4009,0.1982,ho_completion,8
40,chisq,0.855807972476274,0.660872258206382,4037,0.1926,ho_completion,8
40,se,0.750838314912714,0.0339385960270438,4312,0.1376,ho_completion,8
50,dev,0.685268320614209,0.514551262217901,4009,0.1982,ho_completion,8
50,chisq,0.843795403227184,0.641813342810299,4037,0.1926,ho_completion,8
50,se,0.741337495420541,0.0106500755370587,4312,0.1376,ho_completion,8
60,dev,0.693647357379613,0.519170848030224,4009,0.1982,ho_completion,8
60,chisq,0.855087317927409,0.651782084681583,4037,0.1926,ho_completion,8
60,se,0.747283234700988,-0.029334843878325,4312,0.1376,ho_completion,8
70,dev,0.697966514317556,0.528685094561353,4009,0.1982,ho_completion,8
70,chisq,0.857600994913957,0.659857700247852,4037,0.1926,ho_completion,8
70,se,0.750846136684026,-0.00576937176895431,4312,0.1376,ho_completion,8
80,dev,0.697862601337968,0.527631575803538,4009,0.1982,ho_completion,8
80,chisq,0.857370512172674,0.65932447822006,4037,0.1926,ho_completion,8
80,se,0.751558738617734,-0.0125226687120986,4312,0.1376,ho_completion,8
90,dev,0.698449639949315,0.526980537925239,4009,0.1982,ho_completion,8
90,chisq,0.85869982313706,0.659583365500248,4037,0.1926,ho_completion,8
90,se,0.751384444243666,-0.0265835948447006,4312,0.1376,ho_completion,8
100,dev,0.696854394288146,0.525028839295077,4009,0.1982,ho_completion,8
100,chisq,0.856695350166266,0.655948411792028,4037,0.1926,ho_completion,8
100,se,0.750413885251328,-0.0176022470131353,4312,0.1376,ho_completion,8
10,dev,0.351630700391488,0.33799648517279,1000,0,insample,9
10,chisq,0.487498239393814,0.458666341285675,1000,0,insample,9
10,se,0.458438184372049,0.465724873681981,1000,0,insample,9
20,dev,0.537458411456629,0.521094202653164,1000,0,insample,9
20,chisq,0.685729709805641,0.660113579971542,1000,0,insample,9
20,se,0.712798242742577,0.725767222867867,1000,0,insample,9
30,dev,0.65959416194598,0.64151616477505,1000,0,insample,9
30,chisq,0.796651519446884,0.773985254048069,1000,0,insample,9
30,se,0.889668569254194,0.893860743121548,1000,0,insample,9
40,dev,0.737811176481248,0.719206255651554,1000,0,insample,9
40,chisq,0.867448992069894,0.848462276160206,1000,0,insample,9
40,se,0.967471095852078,0.964224535522269,1000,0,insample,9
50,dev,0.735632897680861,0.717186787887327,1000,0,insample,9
50,chisq,0.866987481210531,0.848422756385376,1000,0,insample,9
50,se,0.967775638535023,0.963630196642585,1000,0,insample,9
60,dev,0.733936104172379,0.71506484330445,1000,0,insample,9
60,chisq,0.865030925862529,0.84582967313029,1000,0,insample,9
60,se,0.967187943043783,0.962980077619431,1000,0,insample,9
70,dev,0.734566346100099,0.715820552640199,1000,0,insample,9
70,chisq,0.866451848437772,0.847556698707816,1000,0,insample,9
70,se,0.968153080485231,0.963469070506588,1000,0,insample,9
80,dev,0.733080358370293,0.714320195596989,1000,0,insample,9
80,chisq,0.86532610165924,0.846368289532258,1000,0,insample,9
80,se,0.966772225190534,0.962479835405363,1000,0,insample,9
90,dev,0.733905901593054,0.714879789171213,1000,0,insample,9
90,chisq,0.865438373960442,0.84613325241511,1000,0,insample,9
90,se,0.968000562798721,0.963427962837431,1000,0,insample,9
100,dev,0.734220799794337,0.71533486245441,1000,0,insample,9
100,chisq,0.866064035594802,0.847133225712262,1000,0,insample,9
100,se,0.967371718798984,0.962558077400196,1000,0,insample,9
10,dev,0.315258692252622,0.3021671455767,5000,0,ho_reconstruction,9
10,chisq,0.449425157309998,0.420872048637613,5000,0,ho_reconstruction,9
10,se,0.428037911340447,0.440096259035436,5000,0,ho_reconstruction,9
20,dev,0.494904599137983,0.478204907727282,5000,0,ho_reconstruction,9
20,chisq,0.649475698736569,0.621256327019311,5000,0,ho_reconstruction,9
20,se,0.692241580467794,0.707464495501389,5000,0,ho_reconstruction,9
30,dev,0.621453809598431,0.601434972195978,5000,0,ho_reconstruction,9
30,chisq,0.77000584711358,0.744037593985994,5000,0,ho_reconstruction,9
30,se,0.879879115648913,0.885256715819555,5000,0,ho_reconstruction,9
40,dev,0.715017922713618,0.695090724735641,5000,0,ho_reconstruction,9
40,chisq,0.854263663008231,0.832766460965515,5000,0,ho_reconstruction,9
40,se,0.962848111598687,0.958544329345826,5000,0,ho_reconstruction,9
50,dev,0.715306397355725,0.695737678271643,5000,0,ho_reconstruction,9
50,chisq,0.854008548908055,0.832986083725778,5000,0,ho_reconstruction,9
50,se,0.962569026598487,0.958545458101223,5000,0,ho_reconstruction,9
60,dev,0.71598852455671,0.696350914602247,5000,0,ho_reconstruction,9
60,chisq,0.854533937942614,0.833355309844968,5000,0,ho_reconstruction,9
60,se,0.962724640076459,0.958687958698296,5000,0,ho_reconstruction,9
70,dev,0.718918846829375,0.699315442460282,5000,0,ho_reconstruction,9
70,chisq,0.857000497811274,0.836031233654958,5000,0,ho_reconstruction,9
70,se,0.963686392821038,0.959197576774769,5000,0,ho_reconstruction,9
80,dev,0.719148283779855,0.699613432320598,5000,0,ho_reconstruction,9
80,chisq,0.856859145905918,0.835917601513189,5000,0,ho_reconstruction,9
80,se,0.963261029876404,0.959248271402869,5000,0,ho_reconstruction,9
90,dev,0.719592353410254,0.700166087057873,5000,0,ho_reconstruction,9
90,chisq,0.857047028119137,0.836191031544413,5000,0,ho_reconstruction,9
90,se,0.963334081036574,0.958994863974692,5000,0,ho_reconstruction,9
100,dev,0.720629183021156,0.701173409249694,5000,0,ho_reconstruction,9
100,chisq,0.857554404782143,0.83662611887211,5000,0,ho_reconstruction,9
100,se,0.963698698018577,0.959361562186125,5000,0,ho_reconstruction,9
10,dev,0.353915250064226,0.257394281016964,4438,0.1124,ho_completion,9
10,chisq,0.508215486137795,0.355794706221289,4487,0.1026,ho_completion,9
10,se,0.37332568398185,0.159092753938872,4651,0.0698,ho_completion,9
20,dev,0.477501955488932,0.347310747866191,4438,0.1124,ho_completion,9
20,chisq,0.653215786302439,0.470258726100867,4487,0.1026,ho_completion,9
20,se,0.528201977982602,0.116540037168867,4651,0.0698,ho_completion,9
30,dev,0.550258152383403,0.390933911087129,4438,0.1124,ho_completion,9
30,chisq,0.727727119474084,0.524209753796274,4487,0.1026,ho_completion,9
30,se,0.639262573051627,0.0682743426372831,4651,0.0698,ho_completion,9
40,dev,0.646366980668825,0.450603086495287,4438,0.1124,ho_completion,9
40,chisq,0.828826436841049,0.60636655874081,4487,0.1026,ho_completion,9
40,se,0.753040961986837,-0.164639838600769,4651,0.0698,ho_completion,9
50,dev,0.645347636552203,0.450289734119496,4438,0.1124,ho_completion,9
50,chisq,0.827392046904723,0.60499640925722,4487,0.1026,ho_completion,9
50,se,0.751637514301575,-0.154863737522823,4651,0.0698,ho_completion,9
60,dev,0.641063346828408,0.444931835882195,4438,0.1124,ho_completion,9
60,chisq,0.822277075659322,0.597468220218871,4487,0.1026,ho_completion,9
60,se,0.750248378703193,-0.128335966002384,4651,0.0698,ho_completion,9
70,dev,0.644278710900444,0.447515531155874,4438,0.1124,ho_completion,9
70,chisq,0.827230354041855,0.603815459074346,4487,0.1026,ho_completion,9
70,se,0.75029398220105,-0.172648313444317,4651,0.0698,ho_completion,9
80,dev,0.643190121913575,0.443450696907545,4438,0.1124,ho_completion,9
80,chisq,0.826986660826084,0.600470211029289,4487,0.1026,ho_completion,9
80,se,0.750788969104385,-0.186177092014734,4651,0.0698,ho_completion,9
90,dev,0.644807710873902,0.446518416485434,4438,0.1124,ho_completion,9
90,chisq,0.827544624865028,0.601895076689013,4487,0.1026,ho_completion,9
90,se,0.751202247507144,-0.167023278265039,4651,0.0698,ho_completion,9
100,dev,0.640667893834642,0.442847847738081,4438,0.1124,ho_completion,9
100,chisq,0.822820425605215,0.596319497460603,4487,0.1026,ho_completion,9
100,se,0.750655082021819,-0.141094651200468,4651,0.0698,ho_completion,9
10,dev,0.343646378399673,0.330877862469988,1000,0,insample,10
10,chisq,0.477643437227664,0.449877503927142,1000,0,insample,10
10,se,0.446379030988023,0.45711155245011,1000,0,insample,10
20,dev,0.540048129583747,0.521842765835153,1000,0,insample,10
20,chisq,0.687472747502673,0.659611116706848,1000,0,insample,10
20,se,0.704068512879213,0.712506976309204,1000,0,insample,10
30,dev,0.646806336192471,0.629770300940708,1000,0,insample,10
30,chisq,0.786305741269296,0.764123222117075,1000,0,insample,10
30,se,0.86776597180813,0.87528433444283,1000,0,insample,10
40,dev,0.73466914212564,0.715694245364547,1000,0,insample,10
40,chisq,0.865011596466277,0.846298228906289,1000,0,insample,10
40,se,0.965892605402457,0.963766492672478,1000,0,insample,10
50,dev,0.738216043623214,0.718847940095216,1000,0,insample,10
50,chisq,0.870046049281955,0.851169670195076,1000,0,insample,10
50,se,0.969038117873539,0.965568165315109,1000,0,insample,10
60,dev,0.736121880558111,0.716561709713205,1000,0,insample,10
60,chisq,0.868740234653916,0.849761444789361,1000,0,insample,10
60,se,0.968839190052569,0.964940680376795,1000,0,insample,10
70,dev,0.733390654346936,0.714237087408614,1000,0,insample,10
70,chisq,0.865113405455892,0.846361818538695,1000,0,insample,10
70,se,0.967641032528046,0.964540104473259,1000,0,insample,10
80,dev,0.734147009329238,0.714438367078955,1000,0,insample,10
80,chisq,0.868185148282642,0.849067753106532,1000,0,insample,10
80,se,0.968795919008797,0.963791975182392,1000,0,insample,10
90,dev,0.73453494823431,0.71477143977927,1000,0,insample,10
90,chisq,0.867854048766649,0.848783560145034,1000,0,insample,10
90,se,0.968766820022093,0.963835969412414,1000,0,insample,10
100,dev,0.733179987439423,0.713269822468896,1000,0,insample,10
100,chisq,0.86582076377575,0.846335991670027,1000,0,insample,10
100,se,0.968571774167375,0.964209180896178,1000,0,insample,10
10,dev,0.30956730821726,0.298609634292523,5000,0,ho_reconstruction,10
10,chisq,0.437836067888205,0.413484802089453,5000,0,ho_reconstruction,10
10,se,0.410098895842473,0.42199981898448,5000,0,ho_reconstruction,10
20,dev,0.516683201436389,0.497822497613765,5000,0,ho_reconstruction,10
20,chisq,0.667245729670976,0.638237059735635,5000,0,ho_reconstruction,10
20,se,0.696212558871048,0.704695330615019,5000,0,ho_reconstruction,10
30,dev,0.613178610333108,0.595651816693541,5000,0,ho_reconstruction,10
30,chisq,0.760407381330114,0.737128260433134,5000,0,ho_reconstruction,10
30,se,0.854542251988889,0.864616149793821,5000,0,ho_reconstruction,10
40,dev,0.720124277677988,0.699555206025733,5000,0,ho_reconstruction,10
40,chisq,0.855887319591285,0.835059772381491,5000,0,ho_reconstruction,10
40,se,0.961597278125051,0.957808902800259,5000,0,ho_reconstruction,10
50,dev,0.725762155352546,0.705540498754236,5000,0,ho_reconstruction,10
50,chisq,0.861238609553441,0.840990607861153,5000,0,ho_reconstruction,10
50,se,0.964572881911822,0.960433626294059,5000,0,ho_reconstruction,10
60,dev,0.726634544915084,0.706295903189714,5000,0,ho_reconstruction,10
60,chisq,0.861868469515332,0.841531252833014,5000,0,ho_reconstruction,10
60,se,0.964743999820157,0.960439769211034,5000,0,ho_reconstruction,10
70,dev,0.725395101570652,0.705247019454844,5000,0,ho_reconstruction,10
70,chisq,0.859911967582548,0.839597193408934,5000,0,ho_reconstruction,10
70,se,0.963802174536023,0.959763276052525,5000,0,ho_reconstruction,10
80,dev,0.728937598538233,0.708757202614439,5000,0,ho_reconstruction,10
80,chisq,0.863360761640734,0.843244495771703,5000,0,ho_reconstruction,10
80,se,0.965341943731948,0.960847142962286,5000,0,ho_reconstruction,10
90,dev,0.728896073539727,0.708727311142287,5000,0,ho_reconstruction,10
90,chisq,0.862599312432446,0.842369342522362,5000,0,ho_reconstruction,10
90,se,0.964709124818616,0.960757797962646,5000,0,ho_reconstruction,10
100,dev,0.730813540512961,0.710748320303132,5000,0,ho_reconstruction,10
100,chisq,0.863906946213703,0.843825068372871,5000,0,ho_reconstruction,10
100,se,0.965011614486896,0.960881531972504,5000,0,ho_reconstruction,10
10,dev,0.366962593800826,0.319495124504918,3988,0.2024,ho_completion,10
10,chisq,0.508311681161796,0.409698273147795,4040,0.192,ho_completion,10
10,se,0.311823634552533,0.209687285257545,4291,0.1418,ho_completion,10
20,dev,0.587521407588406,0.459563327797793,3988,0.2024,ho_completion,10
20,chisq,0.742507422213727,0.571908836540448,4040,0.192,ho_completion,10
20,se,0.5819634904611,0.181674349722174,4291,0.1418,ho_completion,10
30,dev,0.613960307662175,0.483431069948269,3988,0.2024,ho_completion,10
30,chisq,0.767696474208627,0.596446814308461,4040,0.192,ho_completion,10
30,se,0.617017255320723,0.17863876668871,4291,0.1418,ho_completion,10
40,dev,0.743284942799088,0.561439149255038,3988,0.2024,ho_completion,10
40,chisq,0.883708435668,0.683058923182326,4040,0.192,ho_completion,10
40,se,0.778585771613011,-0.0473050223336214,4291,0.1418,ho_completion,10
50,dev,0.742811707697879,0.560919636734927,3988,0.2024,ho_completion,10
50,chisq,0.88294681912342,0.681270048128895,4040,0.192,ho_completion,10
50,se,0.77786800980888,-0.0455035087776408,4291,0.1418,ho_completion,10
60,dev,0.744350696163154,0.563255468697205,3988,0.2024,ho_completion,10
60,chisq,0.884162526953613,0.683463671761414,4040,0.192,ho_completion,10
60,se,0.779564788631085,-0.0475320956085197,4291,0.1418,ho_completion,10
70,dev,0.743765229202524,0.56207422356671,3988,0.2024,ho_completion,10
70,chisq,0.883773163877875,0.68230530279253,4040,0.192,ho_completion,10
70,se,0.778475196230238,-0.052508310174886,4291,0.1418,ho_completion,10
80,dev,0.743084686773977,0.55873111496172,3988,0.2024,ho_completion,10
80,chisq,0.883735306609649,0.680257051935864,4040,0.192,ho_completion,10
80,se,0.77769234535862,-0.072475323049038,4291,0.1418,ho_completion,10
90,dev,0.74330871204467,0.55988563019367,3988,0.2024,ho_completion,10
90,chisq,0.883804668678952,0.680653415820948,4040,0.192,ho_completion,10
90,se,0.77887771385297,-0.0477870440278485,4291,0.1418,ho_completion,10
100,dev,0.740945702593569,0.558370718525307,3988,0.2024,ho_completion,10
100,chisq,0.881485952919181,0.67959992456389,4040,0.192,ho_completion,10
100,se,0.775796613082382,-0.0513179499132944,4291,0.1418,ho_completion,10
