metric,rule,eps,K_hat,certified,n_comparisons,max_ub,M,alpha,se_type,n_retained,eval,replicate
dev,adjacent_pointwise,0.01,20,TRUE,1,0.00263091892487858,1,0.05,iid,3850,ho_reconstruction,1
chisq,adjacent_pointwise,0.01,20,TRUE,1,0.00156128720193855,1,0.05,iid,3868,ho_reconstruction,1
se,adjacent_pointwise,0.01,20,TRUE,1,0.00652620833103696,1,0.05,iid,4125,ho_reconstruction,1
dev,adjacent_simultaneous,0.01,20,TRUE,1,0.00341226723694656,9,0.05,iid,3850,ho_reconstruction,1
chisq,adjacent_simultaneous,0.01,20,TRUE,1,0.0022578338278253,9,0.05,iid,3868,ho_reconstruction,1
se,adjacent_simultaneous,0.01,40,TRUE,1,-0.032034329219806,9,0.05,iid,4125,ho_reconstruction,1
dev,total_gain,0.01,20,TRUE,6,0.00711653177409462,45,0.05,iid,3850,ho_reconstruction,1
chisq,total_gain,0.01,20,TRUE,6,0.00516284406544661,45,0.05,iid,3868,ho_reconstruction,1
se,total_gain,0.01,40,TRUE,2,-0.0256816844266876,45,0.05,iid,4125,ho_reconstruction,1
dev,adjacent_pointwise,0.005,20,TRUE,1,0.00263091892487858,1,0.05,iid,3850,ho_reconstruction,1
chisq,adjacent_pointwise,0.005,20,TRUE,1,0.00156128720193855,1,0.05,iid,3868,ho_reconstruction,1
se,adjacent_pointwise,0.005,40,TRUE,1,-0.03929048604036,1,0.05,iid,4125,ho_reconstruction,1
dev,adjacent_simultaneous,0.005,20,TRUE,1,0.00341226723694656,9,0.05,iid,3850,ho_reconstruction,1
chisq,adjacent_simultaneous,0.005,20,TRUE,1,0.0022578338278253,9,0.05,iid,3868,ho_reconstruction,1
se,adjacent_simultaneous,0.005,40,TRUE,1,-0.032034329219806,9,0.05,iid,4125,ho_reconstruction,1
dev,total_gain,0.005,40,TRUE,2,-0.00078810720292171,45,0.05,iid,3850,ho_reconstruction,1
chisq,total_gain,0.005,35,TRUE,3,0.0046746092063457,45,0.05,iid,3868,ho_reconstruction,1
se,total_gain,0.005,40,TRUE,2,-0.0256816844266876,45,0.05,iid,4125,ho_reconstruction,1
dev,adjacent_pointwise,0.01,,FALSE,,,,0.05,,0,ho_completion,1
dev,adjacent_simultaneous,0.01,,FALSE,,,,0.05,,0,ho_completion,1
dev,total_gain,0.01,,FALSE,,,,0.05,,0,ho_completion,1
dev,adjacent_pointwise,0.005,,FALSE,,,,0.05,,0,ho_completion,1
dev,adjacent_simultaneous,0.005,,FALSE,,,,0.05,,0,ho_completion,1
dev,total_gain,0.005,,FALSE,,,,0.05,,0,ho_completion,1
chisq,adjacent_pointwise,0.01,,FALSE,,,,0.05,,0,ho_completion,1
chisq,adjacent_simultaneous,0.01,,FALSE,,,,0.05,,0,ho_completion,1
chisq,total_gain,0.01,,FALSE,,,,0.05,,0,ho_completion,1
chisq,adjacent_pointwise,0.005,,FALSE,,,,0.05,,0,ho_completion,1
chisq,adjacent_simultaneous,0.005,,FALSE,,,,0.05,,0,ho_completion,1
chisq,total_gain,0.005,,FALSE,,,,0.05,,0,ho_completion,1
se,adjacent_pointwise,0.01,,FALSE,,,,0.05,,0,ho_completion,1
se,adjacent_simultaneous,0.01,,FALSE,,,,0.05,,0,ho_completion,1
se,total_gain,0.01,,FALSE,,,,0.05,,0,ho_completion,1
se,adjacent_pointwise,0.005,,FALSE,,,,0.05,,0,ho_completion,1
se,adjacent_simultaneous,0.005,,FALSE,,,,0.05,,0,ho_completion,1
se,total_gain,0.005,,FALSE,,,,0.05,,0,ho_completion,1
dev,adjacent_pointwise,0.01,20,TRUE,1,0.000505225618908794,1,0.05,iid,4319,ho_reconstruction,2
chisq,adjacent_pointwise,0.01,20,TRUE,1,0.00070282881821064,1,0.05,iid,4342,ho_reconstruction,2
se,adjacent_pointwise,0.01,10,TRUE,1,0.000749962220677358,1,0.05,iid,4521,ho_reconstruction,2
dev,adjacent_simultaneous,0.01,20,TRUE,1,0.00148884805214866,9,0.05,iid,4319,ho_reconstruction,2
chisq,adjacent_simultaneous,0.01,20,TRUE,1,0.00164424694197324,9,0.05,iid,4342,ho_reconstruction,2
se,adjacent_simultaneous,0.01,20,TRUE,1,0.00560779457986693,9,0.05,iid,4521,ho_reconstruction,2
dev,total_gain,0.01,35,TRUE,3,0.00927758568042602,45,0.05,iid,4319,ho_reconstruction,2
chisq,total_gain,0.01,20,TRUE,6,0.00872098907679575,45,0.05,iid,4342,ho_reconstruction,2
se,total_gain,0.01,,FALSE,,,45,0.05,iid,4521,ho_reconstruction,2
dev,adjacent_pointwise,0.005,20,TRUE,1,0.000505225618908794,1,0.05,iid,4319,ho_reconstruction,2
chisq,adjacent_pointwise,0.005,20,TRUE,1,0.00070282881821064,1,0.05,iid,4342,ho_reconstruction,2
se,adjacent_pointwise,0.005,10,TRUE,1,0.000749962220677358,1,0.05,iid,4521,ho_reconstruction,2
dev,adjacent_simultaneous,0.005,20,TRUE,1,0.00148884805214866,9,0.05,iid,4319,ho_reconstruction,2
chisq,adjacent_simultaneous,0.005,20,TRUE,1,0.00164424694197324,9,0.05,iid,4342,ho_reconstruction,2
se,adjacent_simultaneous,0.005,35,TRUE,1,-0.00212937401935578,9,0.05,iid,4521,ho_reconstruction,2
dev,total_gain,0.005,,FALSE,,,45,0.05,iid,4319,ho_reconstruction,2
chisq,total_gain,0.005,,FALSE,,,45,0.05,iid,4342,ho_reconstruction,2
se,total_gain,0.005,,FALSE,,,45,0.05,iid,4521,ho_reconstruction,2
dev,adjacent_pointwise,0.01,30,TRUE,1,0.00444882962182973,1,0.05,iid,83,ho_completion,2
chisq,adjacent_pointwise,0.01,30,TRUE,1,0.0055207744939395,1,0.05,iid,83,ho_completion,2
se,adjacent_pointwise,0.01,15,TRUE,1,-0.0326479286907127,1,0.05,iid,108,ho_completion,2
dev,adjacent_simultaneous,0.01,,FALSE,,,9,0.05,iid,83,ho_completion,2
chisq,adjacent_simultaneous,0.01,,FALSE,,,9,0.05,iid,83,ho_completion,2
se,adjacent_simultaneous,0.01,45,TRUE,1,-0.0197285835433664,9,0.05,iid,108,ho_completion,2
dev,total_gain,0.01,,FALSE,,,45,0.05,iid,83,ho_completion,2
chisq,total_gain,0.01,,FALSE,,,45,0.05,iid,83,ho_completion,2
se,total_gain,0.01,45,TRUE,1,-0.000176635695973343,45,0.05,iid,108,ho_completion,2
dev,adjacent_pointwise,0.005,30,TRUE,1,0.00444882962182973,1,0.05,iid,83,ho_completion,2
chisq,adjacent_pointwise,0.005,45,TRUE,1,0.00350950583300139,1,0.05,iid,83,ho_completion,2
se,adjacent_pointwise,0.005,15,TRUE,1,-0.0326479286907127,1,0.05,iid,108,ho_completion,2
dev,adjacent_simultaneous,0.005,,FALSE,,,9,0.05,iid,83,ho_completion,2
chisq,adjacent_simultaneous,0.005,,FALSE,,,9,0.05,iid,83,ho_completion,2
se,adjacent_simultaneous,0.005,45,TRUE,1,-0.0197285835433664,9,0.05,iid,108,ho_completion,2
dev,total_gain,0.005,,FALSE,,,45,0.05,iid,83,ho_completion,2
chisq,total_gain,0.005,,FALSE,,,45,0.05,iid,83,ho_completion,2
se,total_gain,0.005,45,TRUE,1,-0.000176635695973343,45,0.05,iid,108,ho_completion,2
dev,adjacent_pointwise,0.01,20,TRUE,1,0.000407241874397796,1,0.05,iid,4278,ho_reconstruction,3
chisq,adjacent_pointwise,0.01,20,TRUE,1,0.000478557113598587,1,0.05,iid,4338,ho_reconstruction,3
se,adjacent_pointwise,0.01,10,TRUE,1,-0.0490430809217513,1,0.05,iid,4525,ho_reconstruction,3
dev,adjacent_simultaneous,0.01,20,TRUE,1,0.00117664799666916,9,0.05,iid,4278,ho_reconstruction,3
chisq,adjacent_simultaneous,0.01,20,TRUE,1,0.00117535509390345,9,0.05,iid,4338,ho_reconstruction,3
se,adjacent_simultaneous,0.01,10,TRUE,1,-0.0253429729594017,9,0.05,iid,4525,ho_reconstruction,3
dev,total_gain,0.01,20,TRUE,6,0.00658693321066999,45,0.05,iid,4278,ho_reconstruction,3
chisq,total_gain,0.01,20,TRUE,6,0.00580532654743823,45,0.05,iid,4338,ho_reconstruction,3
se,total_gain,0.01,10,TRUE,8,-0.0115728624600301,45,0.05,iid,4525,ho_reconstruction,3
dev,adjacent_pointwise,0.005,20,TRUE,1,0.000407241874397796,1,0.05,iid,4278,ho_reconstruction,3
chisq,adjacent_pointwise,0.005,20,TRUE,1,0.000478557113598587,1,0.05,iid,4338,ho_reconstruction,3
se,adjacent_pointwise,0.005,10,TRUE,1,-0.0490430809217513,1,0.05,iid,4525,ho_reconstruction,3
dev,adjacent_simultaneous,0.005,20,TRUE,1,0.00117664799666916,9,0.05,iid,4278,ho_reconstruction,3
chisq,adjacent_simultaneous,0.005,20,TRUE,1,0.00117535509390345,9,0.05,iid,4338,ho_reconstruction,3
se,adjacent_simultaneous,0.005,10,TRUE,1,-0.0253429729594017,9,0.05,iid,4525,ho_reconstruction,3
dev,total_gain,0.005,45,TRUE,1,0.00107200283418956,45,0.05,iid,4278,ho_reconstruction,3
chisq,total_gain,0.005,45,TRUE,1,0.00132478167569665,45,0.05,iid,4338,ho_reconstruction,3
se,total_gain,0.005,10,TRUE,8,-0.0115728624600301,45,0.05,iid,4525,ho_reconstruction,3
dev,adjacent_pointwise,0.01,,FALSE,,,,0.05,,0,ho_completion,3
dev,adjacent_simultaneous,0.01,,FALSE,,,,0.05,,0,ho_completion,3
dev,total_gain,0.01,,FALSE,,,,0.05,,0,ho_completion,3
dev,adjacent_pointwise,0.005,,FALSE,,,,0.05,,0,ho_completion,3
dev,adjacent_simultaneous,0.005,,FALSE,,,,0.05,,0,ho_completion,3
dev,total_gain,0.005,,FALSE,,,,0.05,,0,ho_completion,3
chisq,adjacent_pointwise,0.01,,FALSE,,,,0.05,,0,ho_completion,3
chisq,adjacent_simultaneous,0.01,,FALSE,,,,0.05,,0,ho_completion,3
chisq,total_gain,0.01,,FALSE,,,,0.05,,0,ho_completion,3
chisq,adjacent_pointwise,0.005,,FALSE,,,,0.05,,0,ho_completion,3
chisq,adjacent_simultaneous,0.005,,FALSE,,,,0.05,,0,ho_completion,3
chisq,total_gain,0.005,,FALSE,,,,0.05,,0,ho_completion,3
se,adjacent_pointwise,0.01,,FALSE,,,,0.05,,0,ho_completion,3
se,adjacent_simultaneous,0.01,,FALSE,,,,0.05,,0,ho_completion,3
se,total_gain,0.01,,FALSE,,,,0.05,,0,ho_completion,3
se,adjacent_pointwise,0.005,,FALSE,,,,0.05,,0,ho_completion,3
se,adjacent_simultaneous,0.005,,FALSE,,,,0.05,,0,ho_completion,3
se,total_gain,0.005,,FALSE,,,,0.05,,0,ho_completion,3
dev,adjacent_pointwise,0.01,20,TRUE,1,0.000752426224392954,1,0.05,iid,3610,ho_reconstruction,4
chisq,adjacent_pointwise,0.01,20,TRUE,1,0.000626745686291678,1,0.05,iid,3646,ho_reconstruction,4
se,adjacent_pointwise,0.01,10,TRUE,1,-0.0827106442086788,1,0.05,iid,4102,ho_reconstruction,4
dev,adjacent_simultaneous,0.01,20,TRUE,1,0.00184828334543897,9,0.05,iid,3610,ho_reconstruction,4
chisq,adjacent_simultaneous,0.01,20,TRUE,1,0.00160107388851262,9,0.05,iid,3646,ho_reconstruction,4
se,adjacent_simultaneous,0.01,10,TRUE,1,-0.0545536780299836,9,0.05,iid,4102,ho_reconstruction,4
dev,total_gain,0.01,20,TRUE,6,0.00654433376100598,45,0.05,iid,3610,ho_reconstruction,4
chisq,total_gain,0.01,20,TRUE,6,0.00447544771749794,45,0.05,iid,3646,ho_reconstruction,4
se,total_gain,0.01,10,TRUE,8,-0.0381940675073798,45,0.05,iid,4102,ho_reconstruction,4
dev,adjacent_pointwise,0.005,20,TRUE,1,0.000752426224392954,1,0.05,iid,3610,ho_reconstruction,4
chisq,adjacent_pointwise,0.005,20,TRUE,1,0.000626745686291678,1,0.05,iid,3646,ho_reconstruction,4
se,adjacent_pointwise,0.005,10,TRUE,1,-0.0827106442086788,1,0.05,iid,4102,ho_reconstruction,4
dev,adjacent_simultaneous,0.005,20,TRUE,1,0.00184828334543897,9,0.05,iid,3610,ho_reconstruction,4
chisq,adjacent_simultaneous,0.005,20,TRUE,1,0.00160107388851262,9,0.05,iid,3646,ho_reconstruction,4
se,adjacent_simultaneous,0.005,10,TRUE,1,-0.0545536780299836,9,0.05,iid,4102,ho_reconstruction,4
dev,total_gain,0.005,45,TRUE,1,0.00457663345493142,45,0.05,iid,3610,ho_reconstruction,4
chisq,total_gain,0.005,20,TRUE,6,0.00447544771749794,45,0.05,iid,3646,ho_reconstruction,4
se,total_gain,0.005,10,TRUE,8,-0.0381940675073798,45,0.05,iid,4102,ho_reconstruction,4
dev,adjacent_pointwise,0.01,,FALSE,,,,0.05,,0,ho_completion,4
dev,adjacent_simultaneous,0.01,,FALSE,,,,0.05,,0,ho_completion,4
dev,total_gain,0.01,,FALSE,,,,0.05,,0,ho_completion,4
dev,adjacent_pointwise,0.005,,FALSE,,,,0.05,,0,ho_completion,4
dev,adjacent_simultaneous,0.005,,FALSE,,,,0.05,,0,ho_completion,4
dev,total_gain,0.005,,FALSE,,,,0.05,,0,ho_completion,4
chisq,adjacent_pointwise,0.01,,FALSE,,,,0.05,,0,ho_completion,4
chisq,adjacent_simultaneous,0.01,,FALSE,,,,0.05,,0,ho_completion,4
chisq,total_gain,0.01,,FALSE,,,,0.05,,0,ho_completion,4
chisq,adjacent_pointwise,0.005,,FALSE,,,,0.05,,0,ho_completion,4
chisq,adjacent_simultaneous,0.005,,FALSE,,,,0.05,,0,ho_completion,4
chisq,total_gain,0.005,,FALSE,,,,0.05,,0,ho_completion,4
se,adjacent_pointwise,0.01,,FALSE,,,,0.05,,0,ho_completion,4
se,adjacent_simultaneous,0.01,,FALSE,,,,0.05,,0,ho_completion,4
se,total_gain,0.01,,FALSE,,,,0.05,,0,ho_completion,4
se,adjacent_pointwise,0.005,,FALSE,,,,0.05,,0,ho_completion,4
se,adjacent_simultaneous,0.005,,FALSE,,,,0.05,,0,ho_completion,4
se,total_gain,0.005,,FALSE,,,,0.05,,0,ho_completion,4
dev,adjacent_pointwise,0.01,20,TRUE,1,0.00139754545905293,1,0.05,iid,3893,ho_reconstruction,5
chisq,adjacent_pointwise,0.01,20,TRUE,1,0.00101612004175887,1,0.05,iid,3999,ho_reconstruction,5
se,adjacent_pointwise,0.01,10,TRUE,1,-0.0320987991825725,1,0.05,iid,4245,ho_reconstruction,5
dev,adjacent_simultaneous,0.01,20,TRUE,1,0.00226194281300362,9,0.05,iid,3893,ho_reconstruction,5
chisq,adjacent_simultaneous,0.01,20,TRUE,1,0.00186784279881214,9,0.05,iid,3999,ho_reconstruction,5
se,adjacent_simultaneous,0.01,10,TRUE,1,-0.0053230933519195,9,0.05,iid,4245,ho_reconstruction,5
dev,total_gain,0.01,45,TRUE,1,0.00770650196909273,45,0.05,iid,3893,ho_reconstruction,5
chisq,total_gain,0.01,20,TRUE,6,0.00993009291351357,45,0.05,iid,3999,ho_reconstruction,5
se,total_gain,0.01,,FALSE,,,45,0.05,iid,4245,ho_reconstruction,5
dev,adjacent_pointwise,0.005,20,TRUE,1,0.00139754545905293,1,0.05,iid,3893,ho_reconstruction,5
chisq,adjacent_pointwise,0.005,20,TRUE,1,0.00101612004175887,1,0.05,iid,3999,ho_reconstruction,5
se,adjacent_pointwise,0.005,10,TRUE,1,-0.0320987991825725,1,0.05,iid,4245,ho_reconstruction,5
dev,adjacent_simultaneous,0.005,20,TRUE,1,0.00226194281300362,9,0.05,iid,3893,ho_reconstruction,5
chisq,adjacent_simultaneous,0.005,20,TRUE,1,0.00186784279881214,9,0.05,iid,3999,ho_reconstruction,5
se,adjacent_simultaneous,0.005,10,TRUE,1,-0.0053230933519195,9,0.05,iid,4245,ho_reconstruction,5
dev,total_gain,0.005,,FALSE,,,45,0.05,iid,3893,ho_reconstruction,5
chisq,total_gain,0.005,,FALSE,,,45,0.05,iid,3999,ho_reconstruction,5
se,total_gain,0.005,,FALSE,,,45,0.05,iid,4245,ho_reconstruction,5
dev,adjacent_pointwise,0.01,,FALSE,,,,0.05,,0,ho_completion,5
dev,adjacent_simultaneous,0.01,,FALSE,,,,0.05,,0,ho_completion,5
dev,total_gain,0.01,,FALSE,,,,0.05,,0,ho_completion,5
dev,adjacent_pointwise,0.005,,FALSE,,,,0.05,,0,ho_completion,5
dev,adjacent_simultaneous,0.005,,FALSE,,,,0.05,,0,ho_completion,5
dev,total_gain,0.005,,FALSE,,,,0.05,,0,ho_completion,5
chisq,adjacent_pointwise,0.01,,FALSE,,,,0.05,,0,ho_completion,5
chisq,adjacent_simultaneous,0.01,,FALSE,,,,0.05,,0,ho_completion,5
chisq,total_gain,0.01,,FALSE,,,,0.05,,0,ho_completion,5
chisq,adjacent_pointwise,0.005,,FALSE,,,,0.05,,0,ho_completion,5
chisq,adjacent_simultaneous,0.005,,FALSE,,,,0.05,,0,ho_completion,5
chisq,total_gain,0.005,,FALSE,,,,0.05,,0,ho_completion,5
se,adjacent_pointwise,0.01,,FALSE,,,,0.05,,0,ho_completion,5
se,adjacent_simultaneous,0.01,,FALSE,,,,0.05,,0,ho_completion,5
se,total_gain,0.01,,FALSE,,,,0.05,,0,ho_completion,5
se,adjacent_pointwise,0.005,,FALSE,,,,0.05,,0,ho_completion,5
se,adjacent_simultaneous,0.005,,FALSE,,,,0.05,,0,ho_completion,5
se,total_gain,0.005,,FALSE,,,,0.05,,0,ho_completion,5
dev,adjacent_pointwise,0.01,20,TRUE,1,0.00274530729709489,1,0.05,iid,3822,ho_reconstruction,6
chisq,adjacent_pointwise,0.01,20,TRUE,1,0.0018557281912233,1,0.05,iid,3918,ho_reconstruction,6
se,adjacent_pointwise,0.01,15,TRUE,1,-0.0571330408825435,1,0.05,iid,4138,ho_reconstruction,6
dev,adjacent_simultaneous,0.01,20,TRUE,1,0.00356704451885586,9,0.05,iid,3822,ho_reconstruction,6
chisq,adjacent_simultaneous,0.01,20,TRUE,1,0.00263050340903257,9,0.05,iid,3918,ho_reconstruction,6
se,adjacent_simultaneous,0.01,15,TRUE,1,-0.031512713269408,9,0.05,iid,4138,ho_reconstruction,6
dev,total_gain,0.01,20,TRUE,6,0.00440020513869757,45,0.05,iid,3822,ho_reconstruction,6
chisq,total_gain,0.01,20,TRUE,6,0.00459243352095324,45,0.05,iid,3918,ho_reconstruction,6
se,total_gain,0.01,15,TRUE,7,-0.00373650894397083,45,0.05,iid,4138,ho_reconstruction,6
dev,adjacent_pointwise,0.005,20,TRUE,1,0.00274530729709489,1,0.05,iid,3822,ho_reconstruction,6
chisq,adjacent_pointwise,0.005,20,TRUE,1,0.0018557281912233,1,0.05,iid,3918,ho_reconstruction,6
se,adjacent_pointwise,0.005,15,TRUE,1,-0.0571330408825435,1,0.05,iid,4138,ho_reconstruction,6
dev,adjacent_simultaneous,0.005,20,TRUE,1,0.00356704451885586,9,0.05,iid,3822,ho_reconstruction,6
chisq,adjacent_simultaneous,0.005,20,TRUE,1,0.00263050340903257,9,0.05,iid,3918,ho_reconstruction,6
se,adjacent_simultaneous,0.005,15,TRUE,1,-0.031512713269408,9,0.05,iid,4138,ho_reconstruction,6
dev,total_gain,0.005,20,TRUE,6,0.00440020513869757,45,0.05,iid,3822,ho_reconstruction,6
chisq,total_gain,0.005,20,TRUE,6,0.00459243352095324,45,0.05,iid,3918,ho_reconstruction,6
se,total_gain,0.005,15,TRUE,7,-0.00373650894397083,45,0.05,iid,4138,ho_reconstruction,6
dev,adjacent_pointwise,0.01,,FALSE,,,,0.05,,0,ho_completion,6
dev,adjacent_simultaneous,0.01,,FALSE,,,,0.05,,0,ho_completion,6
dev,total_gain,0.01,,FALSE,,,,0.05,,0,ho_completion,6
dev,adjacent_pointwise,0.005,,FALSE,,,,0.05,,0,ho_completion,6
dev,adjacent_simultaneous,0.005,,FALSE,,,,0.05,,0,ho_completion,6
dev,total_gain,0.005,,FALSE,,,,0.05,,0,ho_completion,6
chisq,adjacent_pointwise,0.01,,FALSE,,,,0.05,,0,ho_completion,6
chisq,adjacent_simultaneous,0.01,,FALSE,,,,0.05,,0,ho_completion,6
chisq,total_gain,0.01,,FALSE,,,,0.05,,0,ho_completion,6
chisq,adjacent_pointwise,0.005,,FALSE,,,,0.05,,0,ho_completion,6
chisq,adjacent_simultaneous,0.005,,FALSE,,,,0.05,,0,ho_completion,6
chisq,total_gain,0.005,,FALSE,,,,0.05,,0,ho_completion,6
se,adjacent_pointwise,0.01,,FALSE,,,,0.05,,0,ho_completion,6
se,adjacent_simultaneous,0.01,,FALSE,,,,0.05,,0,ho_completion,6
se,total_gain,0.01,,FALSE,,,,0.05,,0,ho_completion,6
se,adjacent_pointwise,0.005,,FALSE,,,,0.05,,0,ho_completion,6
se,adjacent_simultaneous,0.005,,FALSE,,,,0.05,,0,ho_completion,6
se,total_gain,0.005,,FALSE,,,,0.05,,0,ho_completion,6
dev,adjacent_pointwise,0.01,20,TRUE,1,0.000218735999507035,1,0.05,iid,4062,ho_reconstruction,7
chisq,adjacent_pointwise,0.01,20,TRUE,1,0.000495275490773834,1,0.05,iid,4112,ho_reconstruction,7
se,adjacent_pointwise,0.01,15,TRUE,1,-0.131135691009096,1,0.05,iid,4369,ho_reconstruction,7
dev,adjacent_simultaneous,0.01,20,TRUE,1,0.000976090706505086,9,0.05,iid,4062,ho_reconstruction,7
chisq,adjacent_simultaneous,0.01,20,TRUE,1,0.00119677671494387,9,0.05,iid,4112,ho_reconstruction,7
se,adjacent_simultaneous,0.01,15,TRUE,1,-0.0994432651379182,9,0.05,iid,4369,ho_reconstruction,7
dev,total_gain,0.01,20,TRUE,6,0.00377970067134522,45,0.05,iid,4062,ho_reconstruction,7
chisq,total_gain,0.01,20,TRUE,6,0.00287307487518529,45,0.05,iid,4112,ho_reconstruction,7
se,total_gain,0.01,15,TRUE,7,-0.0574964624306007,45,0.05,iid,4369,ho_reconstruction,7
dev,adjacent_pointwise,0.005,20,TRUE,1,0.000218735999507035,1,0.05,iid,4062,ho_reconstruction,7
chisq,adjacent_pointwise,0.005,20,TRUE,1,0.000495275490773834,1,0.05,iid,4112,ho_reconstruction,7
se,adjacent_pointwise,0.005,15,TRUE,1,-0.131135691009096,1,0.05,iid,4369,ho_reconstruction,7
dev,adjacent_simultaneous,0.005,20,TRUE,1,0.000976090706505086,9,0.05,iid,4062,ho_reconstruction,7
chisq,adjacent_simultaneous,0.005,20,TRUE,1,0.00119677671494387,9,0.05,iid,4112,ho_reconstruction,7
se,adjacent_simultaneous,0.005,15,TRUE,1,-0.0994432651379182,9,0.05,iid,4369,ho_reconstruction,7
dev,total_gain,0.005,20,TRUE,6,0.00377970067134522,45,0.05,iid,4062,ho_reconstruction,7
chisq,total_gain,0.005,20,TRUE,6,0.00287307487518529,45,0.05,iid,4112,ho_reconstruction,7
se,total_gain,0.005,15,TRUE,7,-0.0574964624306007,45,0.05,iid,4369,ho_reconstruction,7
dev,adjacent_pointwise,0.01,,FALSE,,,,0.05,,0,ho_completion,7
dev,adjacent_simultaneous,0.01,,FALSE,,,,0.05,,0,ho_completion,7
dev,total_gain,0.01,,FALSE,,,,0.05,,0,ho_completion,7
dev,adjacent_pointwise,0.005,,FALSE,,,,0.05,,0,ho_completion,7
dev,adjacent_simultaneous,0.005,,FALSE,,,,0.05,,0,ho_completion,7
dev,total_gain,0.005,,FALSE,,,,0.05,,0,ho_completion,7
chisq,adjacent_pointwise,0.01,,FALSE,,,,0.05,,0,ho_completion,7
chisq,adjacent_simultaneous,0.01,,FALSE,,,,0.05,,0,ho_completion,7
chisq,total_gain,0.01,,FALSE,,,,0.05,,0,ho_completion,7
chisq,adjacent_pointwise,0.005,,FALSE,,,,0.05,,0,ho_completion,7
chisq,adjacent_simultaneous,0.005,,FALSE,,,,0.05,,0,ho_completion,7
chisq,total_gain,0.005,,FALSE,,,,0.05,,0,ho_completion,7
se,adjacent_pointwise,0.01,,FALSE,,,,0.05,,0,ho_completion,7
se,adjacent_simultaneous,0.01,,FALSE,,,,0.05,,0,ho_completion,7
se,total_gain,0.01,,FALSE,,,,0.05,,0,ho_completion,7
se,adjacent_pointwise,0.005,,FALSE,,,,0.05,,0,ho_completion,7
se,adjacent_simultaneous,0.005,,FALSE,,,,0.05,,0,ho_completion,7
se,total_gain,0.005,,FALSE,,,,0.05,,0,ho_completion,7
dev,adjacent_pointwise,0.01,20,TRUE,1,0.00210435896080884,1,0.05,iid,3305,ho_reconstruction,8
chisq,adjacent_pointwise,0.01,20,TRUE,1,0.000875166756186689,1,0.05,iid,3321,ho_reconstruction,8
se,adjacent_pointwise,0.01,15,TRUE,1,-0.0227557656684208,1,0.05,iid,3690,ho_reconstruction,8
dev,adjacent_simultaneous,0.01,20,TRUE,1,0.00298953380851912,9,0.05,iid,3305,ho_reconstruction,8
chisq,adjacent_simultaneous,0.01,20,TRUE,1,0.00167992666173894,9,0.05,iid,3321,ho_reconstruction,8
se,adjacent_simultaneous,0.01,15,TRUE,1,0.00470838373595284,9,0.05,iid,3690,ho_reconstruction,8
dev,total_gain,0.01,20,TRUE,6,0.00451630984030725,45,0.05,iid,3305,ho_reconstruction,8
chisq,total_gain,0.01,20,TRUE,6,0.00401012699319668,45,0.05,iid,3321,ho_reconstruction,8
se,total_gain,0.01,,FALSE,,,45,0.05,iid,3690,ho_reconstruction,8
dev,adjacent_pointwise,0.005,20,TRUE,1,0.00210435896080884,1,0.05,iid,3305,ho_reconstruction,8
chisq,adjacent_pointwise,0.005,20,TRUE,1,0.000875166756186689,1,0.05,iid,3321,ho_reconstruction,8
se,adjacent_pointwise,0.005,15,TRUE,1,-0.0227557656684208,1,0.05,iid,3690,ho_reconstruction,8
dev,adjacent_simultaneous,0.005,20,TRUE,1,0.00298953380851912,9,0.05,iid,3305,ho_reconstruction,8
chisq,adjacent_simultaneous,0.005,20,TRUE,1,0.00167992666173894,9,0.05,iid,3321,ho_reconstruction,8
se,adjacent_simultaneous,0.005,15,TRUE,1,0.00470838373595284,9,0.05,iid,3690,ho_reconstruction,8
dev,total_gain,0.005,20,TRUE,6,0.00451630984030725,45,0.05,iid,3305,ho_reconstruction,8
chisq,total_gain,0.005,20,TRUE,6,0.00401012699319668,45,0.05,iid,3321,ho_reconstruction,8
se,total_gain,0.005,,FALSE,,,45,0.05,iid,3690,ho_reconstruction,8
dev,adjacent_pointwise,0.01,,FALSE,,,,0.05,,0,ho_completion,8
dev,adjacent_simultaneous,0.01,,FALSE,,,,0.05,,0,ho_completion,8
dev,total_gain,0.01,,FALSE,,,,0.05,,0,ho_completion,8
dev,adjacent_pointwise,0.005,,FALSE,,,,0.05,,0,ho_completion,8
dev,adjacent_simultaneous,0.005,,FALSE,,,,0.05,,0,ho_completion,8
dev,total_gain,0.005,,FALSE,,,,0.05,,0,ho_completion,8
chisq,adjacent_pointwise,0.01,,FALSE,,,,0.05,,0,ho_completion,8
chisq,adjacent_simultaneous,0.01,,FALSE,,,,0.05,,0,ho_completion,8
chisq,total_gain,0.01,,FALSE,,,,0.05,,0,ho_completion,8
chisq,adjacent_pointwise,0.005,,FALSE,,,,0.05,,0,ho_completion,8
chisq,adjacent_simultaneous,0.005,,FALSE,,,,0.05,,0,ho_completion,8
chisq,total_gain,0.005,,FALSE,,,,0.05,,0,ho_completion,8
se,adjacent_pointwise,0.01,,FALSE,,,,0.05,,0,ho_completion,8
se,adjacent_simultaneous,0.01,,FALSE,,,,0.05,,0,ho_completion,8
se,total_gain,0.01,,FALSE,,,,0.05,,0,ho_completion,8
se,adjacent_pointwise,0.005,,FALSE,,,,0.05,,0,ho_completion,8
se,adjacent_simultaneous,0.005,,FALSE,,,,0.05,,0,ho_completion,8
se,total_gain,0.005,,FALSE,,,,0.05,,0,ho_completion,8
dev,adjacent_pointwise,0.01,20,TRUE,1,-0.00101619039584734,1,0.05,iid,3807,ho_reconstruction,9
chisq,adjacent_pointwise,0.01,20,TRUE,1,-0.000295134290967952,1,0.05,iid,3829,ho_reconstruction,9
se,adjacent_pointwise,0.01,10,TRUE,1,-0.0986840165031992,1,0.05,iid,4131,ho_reconstruction,9
dev,adjacent_simultaneous,0.01,20,TRUE,1,-6.94449988558462e-05,9,0.05,iid,3807,ho_reconstruction,9
chisq,adjacent_simultaneous,0.01,20,TRUE,1,0.00056240189842266,9,0.05,iid,3829,ho_reconstruction,9
se,adjacent_simultaneous,0.01,10,TRUE,1,-0.0624044580912225,9,0.05,iid,4131,ho_reconstruction,9
dev,total_gain,0.01,45,TRUE,1,0.00265165081010763,45,0.05,iid,3807,ho_reconstruction,9
chisq,total_gain,0.01,45,TRUE,1,0.00239128084611769,45,0.05,iid,3829,ho_reconstruction,9
se,total_gain,0.01,10,TRUE,8,-0.0413255022908963,45,0.05,iid,4131,ho_reconstruction,9
dev,adjacent_pointwise,0.005,20,TRUE,1,-0.00101619039584734,1,0.05,iid,3807,ho_reconstruction,9
chisq,adjacent_pointwise,0.005,20,TRUE,1,-0.000295134290967952,1,0.05,iid,3829,ho_reconstruction,9
se,adjacent_pointwise,0.005,10,TRUE,1,-0.0986840165031992,1,0.05,iid,4131,ho_reconstruction,9
dev,adjacent_simultaneous,0.005,20,TRUE,1,-6.94449988558462e-05,9,0.05,iid,3807,ho_reconstruction,9
chisq,adjacent_simultaneous,0.005,20,TRUE,1,0.00056240189842266,9,0.05,iid,3829,ho_reconstruction,9
se,adjacent_simultaneous,0.005,10,TRUE,1,-0.0624044580912225,9,0.05,iid,4131,ho_reconstruction,9
dev,total_gain,0.005,45,TRUE,1,0.00265165081010763,45,0.05,iid,3807,ho_reconstruction,9
chisq,total_gain,0.005,45,TRUE,1,0.00239128084611769,45,0.05,iid,3829,ho_reconstruction,9
se,total_gain,0.005,10,TRUE,8,-0.0413255022908963,45,0.05,iid,4131,ho_reconstruction,9
dev,adjacent_pointwise,0.01,,FALSE,,,,0.05,,0,ho_completion,9
dev,adjacent_simultaneous,0.01,,FALSE,,,,0.05,,0,ho_completion,9
dev,total_gain,0.01,,FALSE,,,,0.05,,0,ho_completion,9
dev,adjacent_pointwise,0.005,,FALSE,,,,0.05,,0,ho_completion,9
dev,adjacent_simultaneous,0.005,,FALSE,,,,0.05,,0,ho_completion,9
dev,total_gain,0.005,,FALSE,,,,0.05,,0,ho_completion,9
chisq,adjacent_pointwise,0.01,,FALSE,,,,0.05,,0,ho_completion,9
chisq,adjacent_simultaneous,0.01,,FALSE,,,,0.05,,0,ho_completion,9
chisq,total_gain,0.01,,FALSE,,,,0.05,,0,ho_completion,9
chisq,adjacent_pointwise,0.005,,FALSE,,,,0.05,,0,ho_completion,9
chisq,adjacent_simultaneous,0.005,,FALSE,,,,0.05,,0,ho_completion,9
chisq,total_gain,0.005,,FALSE,,,,0.05,,0,ho_completion,9
se,adjacent_pointwise,0.01,,FALSE,,,,0.05,,0,ho_completion,9
se,adjacent_simultaneous,0.01,,FALSE,,,,0.05,,0,ho_completion,9
se,total_gain,0.01,,FALSE,,,,0.05,,0,ho_completion,9
se,adjacent_pointwise,0.005,,FALSE,,,,0.05,,0,ho_completion,9
se,adjacent_simultaneous,0.005,,FALSE,,,,0.05,,0,ho_completion,9
se,total_gain,0.005,,FALSE,,,,0.05,,0,ho_completion,9
dev,adjacent_pointwise,0.01,20,TRUE,1,-0.00103446037067218,1,0.05,iid,3932,ho_reconstruction,10
chisq,adjacent_pointwise,0.01,20,TRUE,1,-0.000348856264459961,1,0.05,iid,3966,ho_reconstruction,10
se,adjacent_pointwise,0.01,15,TRUE,1,-0.0873652956187794,1,0.05,iid,4186,ho_reconstruction,10
dev,adjacent_simultaneous,0.01,20,TRUE,1,-0.000377113635505306,9,0.05,iid,3932,ho_reconstruction,10
chisq,adjacent_simultaneous,0.01,20,TRUE,1,0.000247691056554356,9,0.05,iid,3966,ho_reconstruction,10
se,adjacent_simultaneous,0.01,15,TRUE,1,-0.0659929938129684,9,0.05,iid,4186,ho_reconstruction,10
dev,total_gain,0.01,20,TRUE,6,0.00570479689287676,45,0.05,iid,3932,ho_reconstruction,10
chisq,total_gain,0.01,20,TRUE,6,0.004670044810482,45,0.05,iid,3966,ho_reconstruction,10
se,total_gain,0.01,15,TRUE,7,-0.0310577466587259,45,0.05,iid,4186,ho_reconstruction,10
dev,adjacent_pointwise,0.005,20,TRUE,1,-0.00103446037067218,1,0.05,iid,3932,ho_reconstruction,10
chisq,adjacent_pointwise,0.005,20,TRUE,1,-0.000348856264459961,1,0.05,iid,3966,ho_reconstruction,10
se,adjacent_pointwise,0.005,15,TRUE,1,-0.0873652956187794,1,0.05,iid,4186,ho_reconstruction,10
dev,adjacent_simultaneous,0.005,20,TRUE,1,-0.000377113635505306,9,0.05,iid,3932,ho_reconstruction,10
chisq,adjacent_simultaneous,0.005,20,TRUE,1,0.000247691056554356,9,0.05,iid,3966,ho_reconstruction,10
se,adjacent_simultaneous,0.005,15,TRUE,1,-0.0659929938129684,9,0.05,iid,4186,ho_reconstruction,10
dev,total_gain,0.005,35,TRUE,3,0.00294420007490611,45,0.05,iid,3932,ho_reconstruction,10
chisq,total_gain,0.005,20,TRUE,6,0.004670044810482,45,0.05,iid,3966,ho_reconstruction,10
se,total_gain,0.005,15,TRUE,7,-0.0310577466587259,45,0.05,iid,4186,ho_reconstruction,10
dev,adjacent_pointwise,0.01,,FALSE,,,,0.05,,0,ho_completion,10
dev,adjacent_simultaneous,0.01,,FALSE,,,,0.05,,0,ho_completion,10
dev,total_gain,0.01,,FALSE,,,,0.05,,0,ho_completion,10
dev,adjacent_pointwise,0.005,,FALSE,,,,0.05,,0,ho_completion,10
dev,adjacent_simultaneous,0.005,,FALSE,,,,0.05,,0,ho_completion,10
dev,total_gain,0.005,,FALSE,,,,0.05,,0,ho_completion,10
chisq,adjacent_pointwise,0.01,,FALSE,,,,0.05,,0,ho_completion,10
chisq,adjacent_simultaneous,0.01,,FALSE,,,,0.05,,0,ho_completion,10
chisq,total_gain,0.01,,FALSE,,,,0.05,,0,ho_completion,10
chisq,adjacent_pointwise,0.005,,FALSE,,,,0.05,,0,ho_completion,10
chisq,adjacent_simultaneous,0.005,,FALSE,,,,0.05,,0,ho_completion,10
chisq,total_gain,0.005,,FALSE,,,,0.05,,0,ho_completion,10
se,adjacent_pointwise,0.01,,FALSE,,,,0.05,,0,ho_completion,10
se,adjacent_simultaneous,0.01,,FALSE,,,,0.05,,0,ho_completion,10
se,total_gain,0.01,,FALSE,,,,0.05,,0,ho_completion,10
se,adjacent_pointwise,0.005,,FALSE,,,,0.05,,0,ho_completion,10
se,adjacent_simultaneous,0.005,,FALSE,,,,0.05,,0,ho_completion,10
se,total_gain,0.005,,FALSE,,,,0.05,,0,ho_completion,10
