K,J_ev,sd_emp,mean_se,bias_mean,se_ratio,bias_over_sd,cover_emp,cover_z,share_z_hi,share_z_lo
10,100,0.00326290743715105,0.00328188209044869,-0.000405362706411033,1.00581525944671,-0.124233590507541,0.94,0.94,0,0.06
20,100,0.00355226059755976,0.00353049281387045,-0.000121639148249188,0.993872132099693,-0.034242743432942,0.92,0.92,0.02,0.06
30,100,0.00337205628810497,0.00354802754027914,-0.000348911912981236,1.05218514672928,-0.103471556572775,0.93,0.93,0.01,0.06
40,100,0.0031694864645744,0.00331263363925379,-0.000169172922480127,1.04516415396606,-0.0533754992712498,0.93,0.93,0.01,0.06
50,100,0.00306712168816869,0.00327489009017903,-0.000204627009652733,1.06774051476725,-0.0667162996636469,0.92,0.92,0.01,0.07
60,100,0.00307963680148087,0.00328742250432152,-0.000211829157199261,1.06747084680269,-0.068783811486277,0.93,0.93,0,0.07
70,100,0.00312466165513104,0.00326764533058575,-0.000223685978447923,1.04575973056792,-0.071587263882029,0.93,0.93,0.01,0.06
80,100,0.00307430092298491,0.00326918197497161,-0.000233937085737632,1.06339036316506,-0.0760944005151251,0.94,0.94,0,0.06
90,100,0.00310669236236175,0.00326238198794149,-0.000200810848621696,1.05011427184293,-0.0646381505470459,0.94,0.94,0.01,0.05
100,100,0.00309741702882909,0.00323867213503781,-0.000218813333889841,1.04560416143322,-0.0706438080030051,0.93,0.93,0.01,0.06
10,250,0.00196579432582008,0.00203816848276642,-0.000691322850774512,1.0368167493393,-0.351676084163132,0.91,0.91,0,0.09
20,250,0.00237171108796383,0.00219351646736704,-0.000698308828781707,0.924866641008211,-0.294432501633756,0.87,0.87,0.02,0.11
30,250,0.00249804490715715,0.00219999153377975,-0.000648999325658127,0.880685342155601,-0.25980290578391,0.9,0.9,0.01,0.09
40,250,0.00230369423206864,0.0020615525333519,-0.000665640903476196,0.894889827240959,-0.288944988536292,0.9,0.9,0.01,0.09
50,250,0.00236248977899423,0.0020455764711613,-0.000611348998231131,0.865856220564117,-0.258773182287119,0.88,0.88,0.01,0.11
60,250,0.00234308246469972,0.00204650565341329,-0.000593744587143962,0.873424509911801,-0.253403196895186,0.88,0.88,0.01,0.11
70,250,0.00231934815838636,0.00203596033136723,-0.000599974900721594,0.877815744913307,-0.25868255205765,0.88,0.88,0.01,0.11
80,250,0.0023076131379824,0.00203082549689731,-0.000588509296771887,0.880054573910475,-0.255029444530912,0.9,0.9,0.01,0.09
90,250,0.00229382719249769,0.00202635350908691,-0.000583853319034849,0.883394143950515,-0.25453239064583,0.87,0.87,0.01,0.12
100,250,0.00229206633878849,0.00202793690158054,-0.000599701592414982,0.884763615808975,-0.261642336552949,0.89,0.89,0.01,0.1
10,500,0.00151747191546708,0.00151094616180203,-0.000118650782124045,0.995699588507355,-0.0781897713655704,0.96,0.96,0,0.04
20,500,0.00155006585576643,0.00161477577417903,-0.000183626273831811,1.04174656074893,-0.118463530532396,0.95,0.95,0,0.05
30,500,0.0015978193167171,0.00161496930501279,-0.000159614874536315,1.01073337148716,-0.0998954467919828,0.93,0.93,0.02,0.05
40,500,0.00140566538108209,0.0015013678955515,-0.000108662133269719,1.0680834256555,-0.0773029874194317,0.95,0.95,0.01,0.04
50,500,0.00139370530921575,0.00148613413848116,-0.000127490318115895,1.06631877532089,-0.0914758071687586,0.95,0.95,0.01,0.04
60,500,0.00140658341979387,0.00148376449054992,-0.000138947581406315,1.05487130707638,-0.0987837475197009,0.94,0.94,0.01,0.05
70,500,0.00142039334246192,0.00148500660431179,-0.000120468290637966,1.04548969635262,-0.0848133309532152,0.95,0.95,0.01,0.04
80,500,0.00138137116419433,0.00147553838623064,-0.000163625292704877,1.06816938450516,-0.118451359740312,0.96,0.96,0.01,0.03
90,500,0.00141571922256077,0.00147450139677834,-0.000133056707792765,1.04152106807679,-0.0939852378016666,0.95,0.95,0.01,0.04
100,500,0.00138774195970291,0.00147074781502625,-0.00015465577106109,1.05981360925421,-0.111444184547248,0.95,0.95,0.01,0.04
