scenario,replicate,mean,sd,p25,median,p75
A,1,1400.58366666667,1802.18136867912,489,507,533
A,2,1400.50483333333,1801.57639135627,489,507,535
A,3,1400.48283333333,1801.85701490314,489,507,535
A,4,1400.02883333333,1800.40032647128,489,507,534
A,5,1400.99716666667,1801.70585857555,489,507,535
A,6,1399.41766666667,1799.75130550904,489,507,534
A,7,1399.7025,1799.93008374719,489,507,535
A,8,1399.43683333333,1799.99274368617,489,506,534
A,9,1400.46116666667,1800.81041492908,489,507,535
A,10,1400.08016666667,1801.70385104428,488,506,534
B,1,1000.09633333333,32.0352477135978,978,1000,1022
B,2,1000.29983333333,31.6238825093165,979,1000,1022
B,3,1000.095,31.5585323670297,979,1000,1021
B,4,999.830666666667,31.3205708108086,979,999,1021
B,5,1000.31483333333,31.9611216770526,978,1000,1022
B,6,999.361833333333,31.3592008276941,979,999,1021
B,7,1000.3735,31.3619024599007,979,1000,1022
B,8,999.696,31.6769025478475,978,1000,1021
B,9,999.841666666667,31.6577420651093,979,1000,1021
B,10,1000.49033333333,31.486856679883,979,1001,1021
C,1,1000,0,1000,1000,1000
C,2,1000,0,1000,1000,1000
C,3,1000,0,1000,1000,1000
C,4,1000,0,1000,1000,1000
C,5,1000,0,1000,1000,1000
C,6,1000,0,1000,1000,1000
C,7,1000,0,1000,1000,1000
C,8,1000,0,1000,1000,1000
C,9,1000,0,1000,1000,1000
C,10,1000,0,1000,1000,1000
