strength,train_seed,r2_micro,r2_macro,n
0.05,1,0.466751261872202,0.522543047107061,250
0.05,2,0.452772432210736,0.492934875820396,250
0.05,3,0.443958753018034,0.488380151521298,250
0.05,4,0.464470065664572,0.497361036034782,250
0.05,5,0.474147883481162,0.521532273505734,250
0.05,6,0.457603544913697,0.50672123401134,250
0.05,7,0.46029425895772,0.496402902546376,250
0.05,8,0.450750495307084,0.500721772698962,250
0.05,9,0.467285245276921,0.518212217221349,250
0.05,10,0.461146407122362,0.501389666909521,250
0.1,1,0.358283042473796,0.377261460185373,250
0.1,2,0.38616210359689,0.398479906948477,250
0.1,3,0.376365300342333,0.389113374536725,250
0.1,4,0.365165903128437,0.382444038049496,250
0.1,5,0.357070557025854,0.386278901042372,250
0.1,6,0.363524463554076,0.38838664433102,250
0.1,7,0.378232518344182,0.391354091435143,250
0.1,8,0.386643130689261,0.401622460766939,250
0.1,9,0.3861500717696,0.398850752502244,250
0.1,10,0.395480991700115,0.397010159414672,250
0.2,1,0.471056732448955,0.387582747645167,250
0.2,2,0.527668657063342,0.456813852333365,250
0.2,3,0.523469777381604,0.447372572598993,250
0.2,4,0.499883796329468,0.421020756778508,250
0.2,5,0.489115538132266,0.411272866663388,250
0.2,6,0.514896745003264,0.444566001092325,250
0.2,7,0.499292600334913,0.415150124790692,250
0.2,8,0.500227172697179,0.422109847712805,250
0.2,9,0.520831135607633,0.450989300091804,250
0.2,10,0.470263146209286,0.401682763452917,250
