alt,strength,test,K,power_raw,power_adj_pool,power_adj_seed,n
burstiness,100,T1_freq_contrast,10,0.968,0.7736,0.804,2500
burstiness,100,T1_freq_contrast,40,0.9764,0.8372,0.85,2500
burstiness,100,T2_freq_strata,10,1,1,0.9996,2500
burstiness,100,T2_freq_strata,40,1,1,0.9996,2500
burstiness,100,T3_fit_strata,10,0.8224,0.4972,0.5724,2500
burstiness,100,T3_fit_strata,40,0.928,0.7652,0.78,2500
burstiness,500,T1_freq_contrast,10,0.6968,0.2024,0.2588,2500
burstiness,500,T1_freq_contrast,40,0.7004,0.2568,0.2968,2500
burstiness,500,T2_freq_strata,10,1,0.8448,0.8488,2500
burstiness,500,T2_freq_strata,40,1,0.8604,0.8648,2500
burstiness,500,T3_fit_strata,10,0.2904,0.066,0.114,2500
burstiness,500,T3_fit_strata,40,0.2712,0.0816,0.112,2500
burstiness,2000,T1_freq_contrast,10,0.5412,0.1008,0.1584,2500
burstiness,2000,T1_freq_contrast,40,0.51,0.1316,0.1728,2500
burstiness,2000,T2_freq_strata,10,0.9984,0.206,0.268,2500
burstiness,2000,T2_freq_strata,40,0.9984,0.2108,0.2756,2500
burstiness,2000,T3_fit_strata,10,0.2696,0.0644,0.0968,2500
burstiness,2000,T3_fit_strata,40,0.2388,0.0768,0.1012,2500
contamination,0.05,T1_freq_contrast,10,0.2572,0.0224,0.0532,2500
contamination,0.05,T1_freq_contrast,40,0.2408,0.0332,0.0596,2500
contamination,0.05,T2_freq_strata,10,0.9716,0.0392,0.0736,2500
contamination,0.05,T2_freq_strata,40,0.9688,0.0472,0.0772,2500
contamination,0.05,T3_fit_strata,10,0.2336,0.0448,0.068,2500
contamination,0.05,T3_fit_strata,40,0.2012,0.066,0.0796,2500
contamination,0.1,T1_freq_contrast,10,0.398,0.0556,0.11,2500
contamination,0.1,T1_freq_contrast,40,0.2608,0.0304,0.0752,2500
contamination,0.1,T2_freq_strata,10,0.9776,0.0572,0.0864,2500
contamination,0.1,T2_freq_strata,40,0.9724,0.0564,0.0892,2500
contamination,0.1,T3_fit_strata,10,0.3232,0.082,0.126,2500
contamination,0.1,T3_fit_strata,40,0.2656,0.0676,0.0736,2500
contamination,0.2,T1_freq_contrast,10,0.1724,0.0096,0.012,2500
contamination,0.2,T1_freq_contrast,40,0.088,0.0036,0.0084,2500
contamination,0.2,T2_freq_strata,10,0.9848,0.0828,0.1248,2500
contamination,0.2,T2_freq_strata,40,0.9944,0.1424,0.2,2500
contamination,0.2,T3_fit_strata,10,0.1636,0.0176,0.03,2500
contamination,0.2,T3_fit_strata,40,0.2196,0.056,0.0828,2500
contamination_eval,0.05,T1_freq_contrast,10,1,1,1,2500
contamination_eval,0.05,T1_freq_contrast,40,1,1,1,2500
contamination_eval,0.05,T2_freq_strata,10,1,1,1,2500
contamination_eval,0.05,T2_freq_strata,40,1,1,1,2500
contamination_eval,0.05,T3_fit_strata,10,1,1,1,2500
contamination_eval,0.05,T3_fit_strata,40,1,1,1,2500
contamination_eval,0.1,T1_freq_contrast,10,1,1,1,2500
contamination_eval,0.1,T1_freq_contrast,40,1,1,1,2500
contamination_eval,0.1,T2_freq_strata,10,1,1,1,2500
contamination_eval,0.1,T2_freq_strata,40,1,1,1,2500
contamination_eval,0.1,T3_fit_strata,10,1,1,1,2500
contamination_eval,0.1,T3_fit_strata,40,1,1,1,2500
contamination_eval,0.2,T1_freq_contrast,10,1,1,1,2500
contamination_eval,0.2,T1_freq_contrast,40,1,1,1,2500
contamination_eval,0.2,T2_freq_strata,10,1,1,1,2500
contamination_eval,0.2,T2_freq_strata,40,1,1,1,2500
contamination_eval,0.2,T3_fit_strata,10,1,1,1,2500
contamination_eval,0.2,T3_fit_strata,40,1,1,1,2500
ctm,0.3,T1_freq_contrast,10,0.3828,0.0428,0.1052,2500
ctm,0.3,T1_freq_contrast,40,0.3808,0.0592,0.1196,2500
ctm,0.3,T2_freq_strata,10,0.976,0.0504,0.0876,2500
ctm,0.3,T2_freq_strata,40,0.9752,0.0548,0.0988,2500
ctm,0.3,T3_fit_strata,10,0.2984,0.068,0.1312,2500
ctm,0.3,T3_fit_strata,40,0.336,0.11,0.1532,2500
ctm,0.6,T1_freq_contrast,10,0.2676,0.0372,0.1004,2500
ctm,0.6,T1_freq_contrast,40,0.2588,0.0436,0.0804,2500
ctm,0.6,T2_freq_strata,10,0.9744,0.0624,0.0864,2500
ctm,0.6,T2_freq_strata,40,0.9724,0.0688,0.0916,2500
ctm,0.6,T3_fit_strata,10,0.2164,0.046,0.0916,2500
ctm,0.6,T3_fit_strata,40,0.266,0.0904,0.1312,2500
ctm,0.9,T1_freq_contrast,10,0.3496,0.0488,0.1152,2500
ctm,0.9,T1_freq_contrast,40,0.3428,0.07,0.1316,2500
ctm,0.9,T2_freq_strata,10,0.9424,0.0512,0.088,2500
ctm,0.9,T2_freq_strata,40,0.9428,0.062,0.0972,2500
ctm,0.9,T3_fit_strata,10,0.1228,0.0136,0.0348,2500
ctm,0.9,T3_fit_strata,40,0.12,0.024,0.0356,2500
drift,0.05,T1_freq_contrast,10,1,1,1,2500
drift,0.05,T1_freq_contrast,40,1,1,1,2500
drift,0.05,T2_freq_strata,10,1,1,1,2500
drift,0.05,T2_freq_strata,40,1,1,1,2500
drift,0.05,T3_fit_strata,10,1,1,1,2500
drift,0.05,T3_fit_strata,40,1,1,1,2500
drift,0.1,T1_freq_contrast,10,1,1,1,2500
drift,0.1,T1_freq_contrast,40,1,1,1,2500
drift,0.1,T2_freq_strata,10,1,1,1,2500
drift,0.1,T2_freq_strata,40,1,1,1,2500
drift,0.1,T3_fit_strata,10,1,1,1,2500
drift,0.1,T3_fit_strata,40,1,1,1,2500
drift,0.2,T1_freq_contrast,10,1,1,1,2500
drift,0.2,T1_freq_contrast,40,1,1,1,2500
drift,0.2,T2_freq_strata,10,1,1,1,2500
drift,0.2,T2_freq_strata,40,1,1,1,2500
drift,0.2,T3_fit_strata,10,1,1,1,2500
drift,0.2,T3_fit_strata,40,1,1,1,2500
group_vocab,0.05,T1_freq_contrast,10,0.6076,0.1336,0.2092,2500
group_vocab,0.05,T1_freq_contrast,40,0.6124,0.176,0.2416,2500
group_vocab,0.05,T2_freq_strata,10,0.9872,0.1304,0.1888,2500
group_vocab,0.05,T2_freq_strata,40,0.986,0.1324,0.1956,2500
group_vocab,0.05,T3_fit_strata,10,0.266,0.0484,0.076,2500
group_vocab,0.05,T3_fit_strata,40,0.2368,0.06,0.0736,2500
group_vocab,0.1,T1_freq_contrast,10,0.7416,0.2624,0.3272,2500
group_vocab,0.1,T1_freq_contrast,40,0.5044,0.0648,0.0988,2500
group_vocab,0.1,T2_freq_strata,10,1,0.48,0.538,2500
group_vocab,0.1,T2_freq_strata,40,0.9988,0.244,0.3104,2500
group_vocab,0.1,T3_fit_strata,10,0.2236,0.0416,0.0588,2500
group_vocab,0.1,T3_fit_strata,40,0.1976,0.0512,0.068,2500
group_vocab,0.2,T1_freq_contrast,10,0.8616,0.4016,0.462,2500
group_vocab,0.2,T1_freq_contrast,40,0.9876,0.9196,0.9144,2500
group_vocab,0.2,T2_freq_strata,10,1,0.9452,0.9408,2500
group_vocab,0.2,T2_freq_strata,40,1,0.9976,0.9948,2500
group_vocab,0.2,T3_fit_strata,10,0.168,0.0284,0.0444,2500
group_vocab,0.2,T3_fit_strata,40,0.2152,0.0556,0.0724,2500
