test,K,alt,strength,power,gbar_absmax,n
T1_freq_contrast,10,contamination,0.05,0.2572,1.45277292733411e-06,2500
T2_freq_strata,10,contamination,0.05,0.9716,2.20345065417374e-06,2500
T3_fit_strata,10,contamination,0.05,0.2336,6.64851389709505e-06,2500
T1_freq_contrast,40,contamination,0.05,0.2408,1.2903890558966e-06,2500
T2_freq_strata,40,contamination,0.05,0.9688,1.98985304763313e-06,2500
T3_fit_strata,40,contamination,0.05,0.2012,3.57227627822535e-06,2500
T1_freq_contrast,10,contamination,0.1,0.398,1.87582094161435e-06,2500
T2_freq_strata,10,contamination,0.1,0.9776,2.54359716145669e-06,2500
T3_fit_strata,10,contamination,0.1,0.3232,8.88057573957599e-06,2500
T1_freq_contrast,40,contamination,0.1,0.2608,1.45298563849404e-06,2500
T2_freq_strata,40,contamination,0.1,0.9724,2.07545506727614e-06,2500
T3_fit_strata,40,contamination,0.1,0.2656,5.47728841583165e-06,2500
T1_freq_contrast,10,contamination,0.2,0.1724,1.33162990232539e-06,2500
T2_freq_strata,10,contamination,0.2,0.9848,2.22963177876853e-06,2500
T3_fit_strata,10,contamination,0.2,0.1636,5.9361528751917e-06,2500
T1_freq_contrast,40,contamination,0.2,0.088,1.36442800317346e-06,2500
T2_freq_strata,40,contamination,0.2,0.9944,2.89847035443987e-06,2500
T3_fit_strata,40,contamination,0.2,0.2196,6.53609456402269e-06,2500
T1_freq_contrast,10,contamination_eval,0.05,1,3.83788556609439e-05,2500
T2_freq_strata,10,contamination_eval,0.05,1,4.28617332472908e-05,2500
T3_fit_strata,10,contamination_eval,0.05,1,3.7276691876017e-05,2500
T1_freq_contrast,40,contamination_eval,0.05,1,3.81016730400998e-05,2500
T2_freq_strata,40,contamination_eval,0.05,1,4.25616474956486e-05,2500
T3_fit_strata,40,contamination_eval,0.05,1,3.30779416938088e-05,2500
T1_freq_contrast,10,contamination_eval,0.1,1,7.53330097915154e-05,2500
T2_freq_strata,10,contamination_eval,0.1,1,8.42942658784815e-05,2500
T3_fit_strata,10,contamination_eval,0.1,1,6.99995752923137e-05,2500
T1_freq_contrast,40,contamination_eval,0.1,1,7.51433910046371e-05,2500
T2_freq_strata,40,contamination_eval,0.1,1,8.41026208449951e-05,2500
T3_fit_strata,40,contamination_eval,0.1,1,6.50280777348088e-05,2500
T1_freq_contrast,10,contamination_eval,0.2,1,0.000148787447908026,2500
T2_freq_strata,10,contamination_eval,0.2,1,0.000166802804715474,2500
T3_fit_strata,10,contamination_eval,0.2,1,0.000135165921364678,2500
T1_freq_contrast,40,contamination_eval,0.2,1,0.000148725183041124,2500
T2_freq_strata,40,contamination_eval,0.2,1,0.000166783741014337,2500
T3_fit_strata,40,contamination_eval,0.2,1,0.000128828866157376,2500
T1_freq_contrast,10,burstiness,2000,0.5412,2.5721949947782e-06,2500
T2_freq_strata,10,burstiness,2000,0.9984,3.31348748648792e-06,2500
T3_fit_strata,10,burstiness,2000,0.2696,7.16695141436303e-06,2500
T1_freq_contrast,40,burstiness,2000,0.51,2.31297006787435e-06,2500
T2_freq_strata,40,burstiness,2000,0.9984,2.98361443248061e-06,2500
T3_fit_strata,40,burstiness,2000,0.2388,3.31291394864959e-06,2500
T1_freq_contrast,10,burstiness,500,0.6968,4.30265155443729e-06,2500
T2_freq_strata,10,burstiness,500,1,5.07225605993307e-06,2500
T3_fit_strata,10,burstiness,500,0.2904,9.13044498651141e-06,2500
T1_freq_contrast,40,burstiness,500,0.7004,4.07354883855072e-06,2500
T2_freq_strata,40,burstiness,500,1,4.77809507381969e-06,2500
T3_fit_strata,40,burstiness,500,0.2712,5.00009157202445e-06,2500
T1_freq_contrast,10,burstiness,100,0.968,1.36548510639855e-05,2500
T2_freq_strata,10,burstiness,100,1,1.65645927094976e-05,2500
T3_fit_strata,10,burstiness,100,0.8224,2.63696763670761e-05,2500
T1_freq_contrast,40,burstiness,100,0.9764,1.3781339088055e-05,2500
T2_freq_strata,40,burstiness,100,1,1.67399308407018e-05,2500
T3_fit_strata,40,burstiness,100,0.928,2.29093030066938e-05,2500
T1_freq_contrast,10,drift,0.05,1,3.6339770373157e-05,2500
T2_freq_strata,10,drift,0.05,1,3.63825141719056e-05,2500
T3_fit_strata,10,drift,0.05,1,3.03326197253084e-05,2500
T1_freq_contrast,40,drift,0.05,1,3.58947772796088e-05,2500
T2_freq_strata,40,drift,0.05,1,3.59348743623744e-05,2500
T3_fit_strata,40,drift,0.05,1,2.66381679971016e-05,2500
T1_freq_contrast,10,drift,0.1,1,7.10004176231154e-05,2500
T2_freq_strata,10,drift,0.1,1,7.10584033752903e-05,2500
T3_fit_strata,10,drift,0.1,1,5.58138086422839e-05,2500
T1_freq_contrast,40,drift,0.1,1,7.04820159059046e-05,2500
T2_freq_strata,40,drift,0.1,1,7.05367775306232e-05,2500
T3_fit_strata,40,drift,0.1,1,5.17067430801752e-05,2500
T1_freq_contrast,10,drift,0.2,1,0.000140158426144643,2500
T2_freq_strata,10,drift,0.2,1,0.00014026354107798,2500
T3_fit_strata,10,drift,0.2,1,0.000106670181535006,2500
T1_freq_contrast,40,drift,0.2,1,0.00013949938000977,2500
T2_freq_strata,40,drift,0.2,1,0.000139600440503589,2500
T3_fit_strata,40,drift,0.2,1,0.000101770782882682,2500
T1_freq_contrast,10,ctm,0.3,0.3828,1.67870106036955e-06,2500
T2_freq_strata,10,ctm,0.3,0.976,2.35571811100538e-06,2500
T3_fit_strata,10,ctm,0.3,0.2984,5.80608126757711e-06,2500
T1_freq_contrast,40,ctm,0.3,0.3808,1.58546505760849e-06,2500
T2_freq_strata,40,ctm,0.3,0.9752,2.23039943380948e-06,2500
T3_fit_strata,40,ctm,0.3,0.336,3.76363882151896e-06,2500
T1_freq_contrast,10,ctm,0.6,0.2676,1.35399907860481e-06,2500
T2_freq_strata,10,ctm,0.6,0.9744,2.08658541773643e-06,2500
T3_fit_strata,10,ctm,0.6,0.2164,4.39185492824904e-06,2500
T1_freq_contrast,40,ctm,0.6,0.2588,1.29283185398985e-06,2500
T2_freq_strata,40,ctm,0.6,0.9724,2.02666932154078e-06,2500
T3_fit_strata,40,ctm,0.6,0.266,3.56484218893537e-06,2500
T1_freq_contrast,10,ctm,0.9,0.3496,1.51347069592436e-06,2500
T2_freq_strata,10,ctm,0.9,0.9424,2.15816455460937e-06,2500
T3_fit_strata,10,ctm,0.9,0.1228,2.3339878647025e-06,2500
T1_freq_contrast,40,ctm,0.9,0.3428,1.50123110790155e-06,2500
T2_freq_strata,40,ctm,0.9,0.9428,2.15175959482908e-06,2500
T3_fit_strata,40,ctm,0.9,0.12,2.37028286140343e-06,2500
T1_freq_contrast,10,group_vocab,0.05,0.6076,2.52217417988355e-06,2500
T2_freq_strata,10,group_vocab,0.05,0.9872,2.84005750344925e-06,2500
T3_fit_strata,10,group_vocab,0.05,0.266,5.11448906960061e-06,2500
T1_freq_contrast,40,group_vocab,0.05,0.6124,2.30032212342849e-06,2500
T2_freq_strata,40,group_vocab,0.05,0.986,2.54525005350437e-06,2500
T3_fit_strata,40,group_vocab,0.05,0.2368,2.53065113380401e-06,2500
T1_freq_contrast,10,group_vocab,0.1,0.7416,3.19709072600309e-06,2500
T2_freq_strata,10,group_vocab,0.1,1,3.40653767600755e-06,2500
T3_fit_strata,10,group_vocab,0.1,0.2236,4.41732618936195e-06,2500
T1_freq_contrast,40,group_vocab,0.1,0.5044,3.26843648869913e-06,2500
T2_freq_strata,40,group_vocab,0.1,0.9988,3.44206112467349e-06,2500
T3_fit_strata,40,group_vocab,0.1,0.1976,2.64606001226649e-06,2500
T1_freq_contrast,10,group_vocab,0.2,0.8616,5.61640510148125e-06,2500
T2_freq_strata,10,group_vocab,0.2,1,5.68806381640712e-06,2500
T3_fit_strata,10,group_vocab,0.2,0.168,3.41399181163512e-06,2500
T1_freq_contrast,40,group_vocab,0.2,0.9876,5.18874435950509e-06,2500
T2_freq_strata,40,group_vocab,0.2,1,5.20201950028115e-06,2500
T3_fit_strata,40,group_vocab,0.2,0.2152,2.28714117122559e-06,2500
