K,metric,r2_micro,r2_macro,J_pos,null_excl_share,c_value
10,dev,0.347015902153194,0.331928952144854,1000,0,1
10,chisq,0.484209972335845,0.452476790753141,1000,0,1
20,dev,0.543152056557231,0.523974278782351,1000,0,1
20,chisq,0.691704102940341,0.661680509484311,1000,0,1
30,dev,0.663812180908848,0.644420707208528,1000,0,1
30,chisq,0.802128291193457,0.778168727120227,1000,0,1
40,dev,0.740314440471222,0.720426468169476,1000,0,1
40,chisq,0.868630158671525,0.848284099399666,1000,0,1
50,dev,0.745434840112847,0.725067939304006,1000,0,1
50,chisq,0.874564294294498,0.854391834726115,1000,0,1
60,dev,0.742414428404077,0.721912564176169,1000,0,1
60,chisq,0.871972368075823,0.851621096958977,1000,0,1
70,dev,0.741953035439468,0.721470601333023,1000,0,1
70,chisq,0.872258501474036,0.851763695338335,1000,0,1
80,dev,0.741966527793119,0.721026304926561,1000,0,1
80,chisq,0.871060269208259,0.849896502883399,1000,0,1
90,dev,0.742700960409865,0.722114298790137,1000,0,1
90,chisq,0.872427096491133,0.85180316242286,1000,0,1
100,dev,0.740419139661556,0.719552461446921,1000,0,1
100,chisq,0.870535937055851,0.849440247524727,1000,0,1
10,dev,,,0,1,5
10,chisq,,,0,1,5
20,dev,,,0,1,5
20,chisq,,,0,1,5
30,dev,,,0,1,5
30,chisq,,,0,1,5
40,dev,,,0,1,5
40,chisq,,,0,1,5
50,dev,,,0,1,5
50,chisq,,,0,1,5
60,dev,,,0,1,5
60,chisq,,,0,1,5
70,dev,,,0,1,5
70,chisq,,,0,1,5
80,dev,,,0,1,5
80,chisq,,,0,1,5
90,dev,,,0,1,5
90,chisq,,,0,1,5
100,dev,,,0,1,5
100,chisq,,,0,1,5
