design,c,K,n_docs,retained_cells_mean,retained_cells_median,retained_cells_min,observed_pooled_token_share,predicted_pooled_token_share,observed_pooled_doc_mean,predicted_pooled_doc_mean
grid_g10_100,1,10,1000,45.856,46,25,0.836853,0.902419260257299,0.836853,0.9024192602573
grid_g10_100,1,20,1000,45.856,46,25,0.836853,0.882608471704949,0.836853,0.88260847170495
grid_g10_100,1,30,1000,45.856,46,25,0.836853,0.861597673296578,0.836853,0.861597673296578
grid_g10_100,1,40,1000,45.856,46,25,0.836853,0.842199156675667,0.836853,0.842199156675667
grid_g10_100,1,50,1000,45.856,46,25,0.836853,0.837722846340677,0.836853,0.837722846340677
grid_g10_100,1,60,1000,45.856,46,25,0.836853,0.837439482729955,0.836853,0.837439482729956
grid_g10_100,1,70,1000,45.856,46,25,0.836853,0.837060957311132,0.836853,0.837060957311131
grid_g10_100,1,80,1000,45.856,46,25,0.836853,0.839047821141006,0.836853,0.839047821141005
grid_g10_100,1,90,1000,45.856,46,25,0.836853,0.837479846458696,0.836853,0.837479846458696
grid_g10_100,1,100,1000,45.856,46,25,0.836853,0.83736778896431,0.836853,0.837367788964311
grid_g10_160,1,10,1000,41.448,41,23,0.843628,0.910051885450032,0.843628,0.910051885450031
grid_g10_160,1,20,1000,41.448,41,23,0.843628,0.890554404653401,0.843628,0.890554404653402
grid_g10_160,1,30,1000,41.448,41,23,0.843628,0.869262123447903,0.843628,0.869262123447902
grid_g10_160,1,40,1000,41.448,41,23,0.843628,0.850104136395709,0.843628,0.85010413639571
grid_g10_160,1,50,1000,41.448,41,23,0.843628,0.845771128128841,0.843628,0.845771128128842
grid_g10_160,1,60,1000,41.448,41,23,0.843628,0.845543633990728,0.843628,0.845543633990728
grid_g10_160,1,70,1000,41.448,41,23,0.843628,0.845132021065048,0.843628,0.845132021065048
grid_g10_160,1,80,1000,41.448,41,23,0.843628,0.846975314047899,0.843628,0.846975314047899
grid_g10_160,1,90,1000,41.448,41,23,0.843628,0.845521104854051,0.843628,0.845521104854051
grid_g10_160,1,100,1000,41.448,41,23,0.843628,0.845483255263655,0.843628,0.845483255263655
grid_g10_160,1,110,1000,41.448,41,23,0.843628,0.844590146955348,0.843628,0.844590146955347
grid_g10_160,1,120,1000,41.448,41,23,0.843628,0.844723639172965,0.843628,0.844723639172965
grid_g10_160,1,130,1000,41.448,41,23,0.843628,0.845370322378785,0.843628,0.845370322378786
grid_g10_160,1,140,1000,41.448,41,23,0.843628,0.845334339254565,0.843628,0.845334339254564
grid_g10_160,1,150,1000,41.448,41,23,0.843628,0.846559248354143,0.843628,0.846559248354144
grid_g10_160,1,160,1000,41.448,41,23,0.843628,0.843979024305485,0.843628,0.843979024305485
c_1,1,10,1000,45.856,46,25,0.836853,0.902419260257299,0.836853,0.9024192602573
c_1,1,20,1000,45.856,46,25,0.836853,0.882608471704949,0.836853,0.88260847170495
c_1,1,30,1000,45.856,46,25,0.836853,0.861597673296578,0.836853,0.861597673296578
c_1,1,40,1000,45.856,46,25,0.836853,0.842199156675667,0.836853,0.842199156675667
c_1,1,50,1000,45.856,46,25,0.836853,0.837722846340677,0.836853,0.837722846340677
c_1,1,60,1000,45.856,46,25,0.836853,0.837439482729955,0.836853,0.837439482729956
c_1,1,70,1000,45.856,46,25,0.836853,0.837060957311132,0.836853,0.837060957311131
c_1,1,80,1000,45.856,46,25,0.836853,0.839047821141006,0.836853,0.839047821141005
c_1,1,90,1000,45.856,46,25,0.836853,0.837479846458696,0.836853,0.837479846458696
c_1,1,100,1000,45.856,46,25,0.836853,0.83736778896431,0.836853,0.837367788964311
c_5,5,10,1000,0,0,0,1,1,1,1
c_5,5,20,1000,0,0,0,1,1,1,1
c_5,5,30,1000,0,0,0,1,1,1,1
c_5,5,40,1000,0,0,0,1,1,1,1
c_5,5,50,1000,0,0,0,1,1,1,1
c_5,5,60,1000,0,0,0,1,1,1,1
c_5,5,70,1000,0,0,0,1,1,1,1
c_5,5,80,1000,0,0,0,1,1,1,1
c_5,5,90,1000,0,0,0,1,1,1,1
c_5,5,100,1000,0,0,0,1,1,1,1
