K,metric,r2_micro_word,r2_macro_word,gap,n_words,eval,scenario,replicate
10,dev,0.107316263392823,0.0763511950858957,0.030965068306927,4106,insample,W1,1
20,dev,0.19407885706956,0.137858374832008,0.0562204822375523,4106,insample,W1,1
30,dev,0.273618632448282,0.194248218397208,0.0793704140510735,4106,insample,W1,1
40,dev,0.343057203002819,0.242493756644708,0.100563446358111,4106,insample,W1,1
50,dev,0.344302266300528,0.240354830914293,0.103947435386236,4106,insample,W1,1
60,dev,0.341658013667933,0.237632580421298,0.104025433246636,4106,insample,W1,1
70,dev,0.342063377524298,0.236694111492504,0.105369266031794,4106,insample,W1,1
80,dev,0.344137394017261,0.237411612226079,0.106725781791182,4106,insample,W1,1
90,dev,0.340993769289599,0.23089189056644,0.110101878723159,4106,insample,W1,1
100,dev,0.33897175420507,0.22600291767539,0.11296883652968,4106,insample,W1,1
10,dev,0.0932089223591355,0.0495783892012217,0.0436305331579138,4462,ho_reconstruction,W1,1
20,dev,0.182421730797825,0.100928608644331,0.081493122153494,4462,ho_reconstruction,W1,1
30,dev,0.263057100486193,0.151951504224466,0.111105596261727,4462,ho_reconstruction,W1,1
40,dev,0.33364045799898,0.196529677990684,0.137110780008297,4462,ho_reconstruction,W1,1
50,dev,0.341224903778243,0.202821575920709,0.138403327857534,4462,ho_reconstruction,W1,1
60,dev,0.341271372416247,0.204464230010305,0.136807142405942,4462,ho_reconstruction,W1,1
70,dev,0.344524299003943,0.208830419195051,0.135693879808892,4462,ho_reconstruction,W1,1
80,dev,0.349952183032345,0.214238069402131,0.135714113630214,4462,ho_reconstruction,W1,1
90,dev,0.352904327018188,0.218074434839878,0.13482989217831,4462,ho_reconstruction,W1,1
100,dev,0.355452047177493,0.221324987439817,0.134127059737676,4462,ho_reconstruction,W1,1
10,dev,0.113169544760553,0.0773583407295195,0.0358112040310333,4096,insample,W1,2
20,dev,0.210744764653683,0.145509313605558,0.065235451048125,4096,insample,W1,2
30,dev,0.291385319769873,0.200650711142236,0.0907346086276368,4096,insample,W1,2
40,dev,0.363478462429519,0.247950638899364,0.115527823530154,4096,insample,W1,2
50,dev,0.367173290174438,0.248041124408021,0.119132165766417,4096,insample,W1,2
60,dev,0.361945412480684,0.241803830890791,0.120141581589894,4096,insample,W1,2
70,dev,0.365056222382817,0.247484597034233,0.117571625348583,4096,insample,W1,2
80,dev,0.367199668262643,0.245944718059083,0.121254950203559,4096,insample,W1,2
90,dev,0.36811878263981,0.244360552686074,0.123758229953736,4096,insample,W1,2
100,dev,0.361236713180168,0.233159906334487,0.128076806845681,4096,insample,W1,2
10,dev,0.0973113566598363,0.0498371671016596,0.0474741895581767,4447,ho_reconstruction,W1,2
20,dev,0.191823372323982,0.103925768727294,0.087897603596688,4447,ho_reconstruction,W1,2
30,dev,0.274974232570709,0.152891161859877,0.122083070710831,4447,ho_reconstruction,W1,2
40,dev,0.346501746460532,0.198266517009616,0.148235229450917,4447,ho_reconstruction,W1,2
50,dev,0.35668228321878,0.207251393224688,0.149430889994092,4447,ho_reconstruction,W1,2
60,dev,0.355248806358843,0.206332314625774,0.148916491733069,4447,ho_reconstruction,W1,2
70,dev,0.358559917095568,0.20987410003312,0.148685817062449,4447,ho_reconstruction,W1,2
80,dev,0.36678478208775,0.218909597151667,0.147875184936083,4447,ho_reconstruction,W1,2
90,dev,0.369769498969357,0.223094481542467,0.14667501742689,4447,ho_reconstruction,W1,2
100,dev,0.366159762590433,0.220533917042027,0.145625845548406,4447,ho_reconstruction,W1,2
10,dev,0.106601591640725,0.0753340916773365,0.0312674999633884,4171,insample,W1,3
20,dev,0.193262096073928,0.136065366281076,0.057196729792852,4171,insample,W1,3
30,dev,0.274289842784659,0.19355290466014,0.080736938124519,4171,insample,W1,3
40,dev,0.345180011017367,0.244447622559791,0.100732388457576,4171,insample,W1,3
50,dev,0.349129888999868,0.243325736518318,0.10580415248155,4171,insample,W1,3
60,dev,0.340759951367576,0.233167882337312,0.107592069030264,4171,insample,W1,3
70,dev,0.343803561018203,0.236577862601241,0.107225698416962,4171,insample,W1,3
80,dev,0.341240646591772,0.234339668543619,0.106900978048153,4171,insample,W1,3
90,dev,0.342576437122603,0.232452820891441,0.110123616231162,4171,insample,W1,3
100,dev,0.343233502032401,0.236055868139569,0.107177633892832,4171,insample,W1,3
10,dev,0.0927892405604975,0.0494134091171849,0.0433758314433126,4496,ho_reconstruction,W1,3
20,dev,0.181788163972493,0.101063467404716,0.0807246965677763,4496,ho_reconstruction,W1,3
30,dev,0.262442463503489,0.152113310029737,0.110329153473752,4496,ho_reconstruction,W1,3
40,dev,0.334494785908143,0.199257534521782,0.135237251386361,4496,ho_reconstruction,W1,3
50,dev,0.344007780459677,0.206437919197411,0.137569861262265,4496,ho_reconstruction,W1,3
60,dev,0.343891622772161,0.208318563309201,0.135573059462959,4496,ho_reconstruction,W1,3
70,dev,0.345925864338258,0.2104854323782,0.135440431960058,4496,ho_reconstruction,W1,3
80,dev,0.348104949235418,0.213799535131813,0.134305414103605,4496,ho_reconstruction,W1,3
90,dev,0.351235083301795,0.216549486521163,0.134685596780631,4496,ho_reconstruction,W1,3
100,dev,0.352906977162234,0.218880671174634,0.1340263059876,4496,ho_reconstruction,W1,3
10,dev,0.109777598691762,0.0768752696229768,0.032902329068785,4150,insample,W1,4
20,dev,0.197987065035312,0.138034789248693,0.0599522757866187,4150,insample,W1,4
30,dev,0.278991244702917,0.194150047848471,0.0848411968544466,4150,insample,W1,4
40,dev,0.352438450644518,0.247269030032168,0.105169420612351,4150,insample,W1,4
50,dev,0.351706960843381,0.239291189766361,0.11241577107702,4150,insample,W1,4
60,dev,0.349262884215341,0.235538274889716,0.113724609325625,4150,insample,W1,4
70,dev,0.351420722849226,0.239521913350864,0.111898809498362,4150,insample,W1,4
80,dev,0.350461966273018,0.236975368635633,0.113486597637384,4150,insample,W1,4
90,dev,0.350139214388963,0.236021876080351,0.114117338308612,4150,insample,W1,4
100,dev,0.353417423419347,0.235023446202093,0.118393977217254,4150,insample,W1,4
10,dev,0.0958249637553561,0.0512419983478175,0.0445829654075386,4480,ho_reconstruction,W1,4
20,dev,0.186553908302576,0.103024916918376,0.0835289913841992,4480,ho_reconstruction,W1,4
30,dev,0.266376520348498,0.15164357364435,0.114732946704149,4480,ho_reconstruction,W1,4
40,dev,0.339955511047459,0.200088754009634,0.139866757037825,4480,ho_reconstruction,W1,4
50,dev,0.348379258072911,0.20826336034908,0.140115897723831,4480,ho_reconstruction,W1,4
60,dev,0.348171245019347,0.207215553039182,0.140955691980164,4480,ho_reconstruction,W1,4
70,dev,0.352982021217751,0.212323125443792,0.14065889577396,4480,ho_reconstruction,W1,4
80,dev,0.353316906359752,0.213582058529123,0.139734847830629,4480,ho_reconstruction,W1,4
90,dev,0.357362617545154,0.219204210799207,0.138158406745947,4480,ho_reconstruction,W1,4
100,dev,0.361115856591291,0.22264052282389,0.1384753337674,4480,ho_reconstruction,W1,4
10,dev,0.107178408180776,0.0736989971503666,0.0334794110304093,4131,insample,W1,5
20,dev,0.201781472795319,0.138644214621631,0.0631372581736884,4131,insample,W1,5
30,dev,0.281922207972363,0.19508670628793,0.0868355016844328,4131,insample,W1,5
40,dev,0.36333230029336,0.251761396833009,0.111570903460351,4131,insample,W1,5
50,dev,0.351883962982761,0.234537716949529,0.117346246033232,4131,insample,W1,5
60,dev,0.35118722542459,0.233541382650291,0.117645842774299,4131,insample,W1,5
70,dev,0.347926936947695,0.230443294231785,0.11748364271591,4131,insample,W1,5
80,dev,0.347205777887408,0.228047724740949,0.11915805314646,4131,insample,W1,5
90,dev,0.350537080159858,0.232341251279631,0.118195828880227,4131,insample,W1,5
100,dev,0.350749774634621,0.23053042204228,0.120219352592341,4131,insample,W1,5
10,dev,0.0948706759593863,0.0477639777073284,0.0471066982520578,4474,ho_reconstruction,W1,5
20,dev,0.18990472841616,0.10242487387953,0.0874798545366297,4474,ho_reconstruction,W1,5
30,dev,0.270054937651022,0.151985585280329,0.118069352370693,4474,ho_reconstruction,W1,5
40,dev,0.353488061160888,0.204814126681385,0.148673934479502,4474,ho_reconstruction,W1,5
50,dev,0.351536100601964,0.204089745078828,0.147446355523137,4474,ho_reconstruction,W1,5
60,dev,0.353789844901356,0.207124840695384,0.146665004205971,4474,ho_reconstruction,W1,5
70,dev,0.355774644791442,0.211492894379956,0.144281750411486,4474,ho_reconstruction,W1,5
80,dev,0.358371168368535,0.21417184042853,0.144199327940005,4474,ho_reconstruction,W1,5
90,dev,0.361718045451943,0.218385883578786,0.143332161873157,4474,ho_reconstruction,W1,5
100,dev,0.365158381339382,0.221188866553836,0.143969514785546,4474,ho_reconstruction,W1,5
10,dev,0.10975910127706,0.0770203865275563,0.0327387147495042,4145,insample,W1,6
20,dev,0.203310221536191,0.141950700291041,0.0613595212451506,4145,insample,W1,6
30,dev,0.282697310844365,0.197553023107082,0.0851442877372835,4145,insample,W1,6
40,dev,0.36004460223474,0.252094575291115,0.107950026943625,4145,insample,W1,6
50,dev,0.353561887847987,0.24347891715142,0.110082970696567,4145,insample,W1,6
60,dev,0.350022942060676,0.236489648094867,0.113533293965809,4145,insample,W1,6
70,dev,0.352336389313296,0.240559146743489,0.111777242569807,4145,insample,W1,6
80,dev,0.349325660059618,0.236660913793719,0.112664746265899,4145,insample,W1,6
90,dev,0.351880529418482,0.235877548367202,0.11600298105128,4145,insample,W1,6
100,dev,0.354299527237113,0.236034475279156,0.118265051957957,4145,insample,W1,6
10,dev,0.0966627142149918,0.0512813370391644,0.0453813771758274,4501,ho_reconstruction,W1,6
20,dev,0.188671153854363,0.104268664118585,0.0844024897357782,4501,ho_reconstruction,W1,6
30,dev,0.268788334646766,0.153032593766582,0.115755740880184,4501,ho_reconstruction,W1,6
40,dev,0.346718629566134,0.201929376957847,0.144789252608287,4501,ho_reconstruction,W1,6
50,dev,0.346102753708085,0.20169195180555,0.144410801902535,4501,ho_reconstruction,W1,6
60,dev,0.350792425458334,0.207429721456437,0.143362704001897,4501,ho_reconstruction,W1,6
70,dev,0.352555053517019,0.210060352063703,0.142494701453316,4501,ho_reconstruction,W1,6
80,dev,0.354939203682676,0.212503446983592,0.142435756699084,4501,ho_reconstruction,W1,6
90,dev,0.36021935544417,0.218888714823953,0.141330640620217,4501,ho_reconstruction,W1,6
100,dev,0.364370534401721,0.223710523947222,0.140660010454499,4501,ho_reconstruction,W1,6
10,dev,0.106231655375289,0.0742894624868178,0.0319421928884713,4114,insample,W1,7
20,dev,0.20098279470246,0.141131086765407,0.0598517079370527,4114,insample,W1,7
30,dev,0.27861680753851,0.193935275184415,0.0846815323540958,4114,insample,W1,7
40,dev,0.346016288933854,0.241531540176553,0.104484748757301,4114,insample,W1,7
50,dev,0.349201392023124,0.237773934519551,0.111427457503573,4114,insample,W1,7
60,dev,0.343655580886019,0.230571865192416,0.113083715693603,4114,insample,W1,7
70,dev,0.344192163023071,0.234545004051203,0.109647158971867,4114,insample,W1,7
80,dev,0.349009736209891,0.23982904117959,0.1091806950303,4114,insample,W1,7
90,dev,0.347326468848176,0.232940739277901,0.114385729570275,4114,insample,W1,7
100,dev,0.348684949730749,0.233170096164475,0.115514853566274,4114,insample,W1,7
10,dev,0.0937206239924514,0.0483954160262695,0.0453252079661819,4522,ho_reconstruction,W1,7
20,dev,0.185755051641928,0.100955515191698,0.0847995364502303,4522,ho_reconstruction,W1,7
30,dev,0.264171481778672,0.14749435278165,0.116677128997022,4522,ho_reconstruction,W1,7
40,dev,0.332203344308034,0.191466702316075,0.140736641991959,4522,ho_reconstruction,W1,7
50,dev,0.342828033291271,0.199917199561822,0.142910833729449,4522,ho_reconstruction,W1,7
60,dev,0.345200611489755,0.204963840109546,0.140236771380208,4522,ho_reconstruction,W1,7
70,dev,0.345075341919484,0.205189285957896,0.139886055961587,4522,ho_reconstruction,W1,7
80,dev,0.352699524916903,0.212574562136503,0.1401249627804,4522,ho_reconstruction,W1,7
90,dev,0.355970034581531,0.21695095155734,0.13901908302419,4522,ho_reconstruction,W1,7
100,dev,0.355916697821794,0.216529173149591,0.139387524672203,4522,ho_reconstruction,W1,7
10,dev,0.106559653946355,0.0747546602843126,0.0318049936620424,4169,insample,W1,8
20,dev,0.198782832831483,0.139148586178374,0.0596342466531084,4169,insample,W1,8
30,dev,0.281111672067234,0.197137295016951,0.0839743770502825,4169,insample,W1,8
40,dev,0.356375663015298,0.249096531753908,0.10727913126139,4169,insample,W1,8
50,dev,0.35157840752496,0.241031762099211,0.110546645425749,4169,insample,W1,8
60,dev,0.346798666718958,0.236398188618212,0.110400478100746,4169,insample,W1,8
70,dev,0.347725474959042,0.234986119146367,0.112739355812675,4169,insample,W1,8
80,dev,0.348137094261383,0.235969373031612,0.112167721229772,4169,insample,W1,8
90,dev,0.347963283956485,0.234986950386269,0.112976333570217,4169,insample,W1,8
100,dev,0.345908924472167,0.229975702642818,0.115933221829349,4169,insample,W1,8
10,dev,0.0929020291202983,0.0491792537798931,0.0437227753404053,4484,ho_reconstruction,W1,8
20,dev,0.184026357988486,0.101993520163642,0.0820328378248432,4484,ho_reconstruction,W1,8
30,dev,0.265715494140133,0.153732584329169,0.111982909810964,4484,ho_reconstruction,W1,8
40,dev,0.340175038051921,0.197534721270088,0.142640316781833,4484,ho_reconstruction,W1,8
50,dev,0.345004612862237,0.205196721951165,0.139807890911072,4484,ho_reconstruction,W1,8
60,dev,0.344241266395765,0.206148831345553,0.138092435050212,4484,ho_reconstruction,W1,8
70,dev,0.347896626212921,0.210069537174281,0.137827089038639,4484,ho_reconstruction,W1,8
80,dev,0.353250539018849,0.216592793090215,0.136657745928634,4484,ho_reconstruction,W1,8
90,dev,0.354254046994318,0.217748700969681,0.136505346024637,4484,ho_reconstruction,W1,8
100,dev,0.356581647819201,0.221233359286134,0.135348288533067,4484,ho_reconstruction,W1,8
10,dev,0.107962602649947,0.0749398268489022,0.0330227758010448,4121,insample,W1,9
20,dev,0.20068281600966,0.140183461803761,0.0604993542058989,4121,insample,W1,9
30,dev,0.278233914653085,0.195772918296727,0.0824609963563581,4121,insample,W1,9
40,dev,0.352609578214679,0.246615122391877,0.105994455822802,4121,insample,W1,9
50,dev,0.351824867396079,0.240195010750692,0.111629856645387,4121,insample,W1,9
60,dev,0.349690426603241,0.239986316300201,0.10970411030304,4121,insample,W1,9
70,dev,0.351222756842851,0.238976707882016,0.112246048960835,4121,insample,W1,9
80,dev,0.347375049319654,0.233768709402966,0.113606339916688,4121,insample,W1,9
90,dev,0.350911628086447,0.237759688856779,0.113151939229668,4121,insample,W1,9
100,dev,0.352091161544337,0.235296109289871,0.116795052254466,4121,insample,W1,9
10,dev,0.094192011556843,0.0481233800545162,0.0460686315023268,4483,ho_reconstruction,W1,9
20,dev,0.184987037129537,0.101730499733424,0.0832565373961134,4483,ho_reconstruction,W1,9
30,dev,0.26668783580679,0.151560881594183,0.115126954212607,4483,ho_reconstruction,W1,9
40,dev,0.339963018493015,0.198049840364604,0.14191317812841,4483,ho_reconstruction,W1,9
50,dev,0.347340455882047,0.205370793898089,0.141969661983958,4483,ho_reconstruction,W1,9
60,dev,0.347270842593698,0.207372253461899,0.139898589131799,4483,ho_reconstruction,W1,9
70,dev,0.352526596699816,0.211769308261203,0.140757288438613,4483,ho_reconstruction,W1,9
80,dev,0.351976953420693,0.21261651050412,0.139360442916573,4483,ho_reconstruction,W1,9
90,dev,0.356174528635606,0.216964762520718,0.139209766114889,4483,ho_reconstruction,W1,9
100,dev,0.360979531527296,0.221439736500723,0.139539795026574,4483,ho_reconstruction,W1,9
10,dev,0.108223120700237,0.0761024460073689,0.0321206746928683,4171,insample,W1,10
20,dev,0.199761661136529,0.140820319902624,0.0589413412339052,4171,insample,W1,10
30,dev,0.281048565293861,0.19910406285406,0.0819445024398007,4171,insample,W1,10
40,dev,0.357787729517216,0.253415374247304,0.104372355269911,4171,insample,W1,10
50,dev,0.350978855455403,0.23881754561121,0.112161309844193,4171,insample,W1,10
60,dev,0.348773338358111,0.237229425897939,0.111543912460172,4171,insample,W1,10
70,dev,0.351230386175465,0.241711008021542,0.109519378153924,4171,insample,W1,10
80,dev,0.349855718362741,0.23964574375172,0.110209974611022,4171,insample,W1,10
90,dev,0.351257394175278,0.238438072133086,0.112819322042192,4171,insample,W1,10
100,dev,0.348580012902124,0.234008169189681,0.114571843712443,4171,insample,W1,10
10,dev,0.0948664790385744,0.0504023400726233,0.0444641389659511,4521,ho_reconstruction,W1,10
20,dev,0.188233603747345,0.104601912438107,0.0836316913092389,4521,ho_reconstruction,W1,10
30,dev,0.2668000962516,0.154208463091367,0.112591633160233,4521,ho_reconstruction,W1,10
40,dev,0.342594476466449,0.202514560717701,0.140079915748748,4521,ho_reconstruction,W1,10
50,dev,0.346605968468328,0.207620424395953,0.138985544072375,4521,ho_reconstruction,W1,10
60,dev,0.349787186800168,0.211009114333613,0.138778072466555,4521,ho_reconstruction,W1,10
70,dev,0.350412292256865,0.211355117046858,0.139057175210007,4521,ho_reconstruction,W1,10
80,dev,0.353820631512221,0.21716695651613,0.136653674996091,4521,ho_reconstruction,W1,10
90,dev,0.356500582041595,0.219828486279296,0.1366720957623,4521,ho_reconstruction,W1,10
100,dev,0.359194485712141,0.223264138887684,0.135930346824457,4521,ho_reconstruction,W1,10
10,dev,0.110106292277988,0.070360588929723,0.0397457033482645,4154,insample,W2,1
20,dev,0.198792493017206,0.134146319072185,0.0646461739450204,4154,insample,W2,1
30,dev,0.273630464273151,0.188192427532058,0.0854380367410924,4154,insample,W2,1
40,dev,0.3466338160238,0.23889508872699,0.107738727296809,4154,insample,W2,1
50,dev,0.349429850755299,0.237079859651671,0.112349991103628,4154,insample,W2,1
60,dev,0.343525038167336,0.22994671508102,0.113578323086316,4154,insample,W2,1
70,dev,0.345178215411891,0.227658704311724,0.117519511100167,4154,insample,W2,1
80,dev,0.344895633981542,0.233109717814666,0.111785916166877,4154,insample,W2,1
90,dev,0.343426749958986,0.22840210138223,0.115024648576756,4154,insample,W2,1
100,dev,0.341287458132707,0.224486889535974,0.116800568596733,4154,insample,W2,1
10,dev,0.0982781428334898,0.0450918446783847,0.0531862981551051,4499,ho_reconstruction,W2,1
20,dev,0.187533715031755,0.098436524022595,0.0890971910091602,4499,ho_reconstruction,W2,1
30,dev,0.262732082771408,0.146939289293718,0.11579279347769,4499,ho_reconstruction,W2,1
40,dev,0.335342930455129,0.191852490531062,0.143490439924068,4499,ho_reconstruction,W2,1
50,dev,0.345146539509133,0.201812654958018,0.143333884551114,4499,ho_reconstruction,W2,1
60,dev,0.346279401646609,0.20217022060885,0.144109181037759,4499,ho_reconstruction,W2,1
70,dev,0.351287314616811,0.207973064552806,0.143314250064004,4499,ho_reconstruction,W2,1
80,dev,0.349600470493888,0.206842582138603,0.142757888355285,4499,ho_reconstruction,W2,1
90,dev,0.351544369492088,0.209459343095926,0.142085026396162,4499,ho_reconstruction,W2,1
100,dev,0.354936979513459,0.214841728857478,0.14009525065598,4499,ho_reconstruction,W2,1
10,dev,0.115538358854068,0.0740464440633541,0.0414919147907142,4133,insample,W2,2
20,dev,0.202836197008272,0.135887316520763,0.0669488804875098,4133,insample,W2,2
30,dev,0.282468429026309,0.193026687541905,0.0894417414844041,4133,insample,W2,2
40,dev,0.35619565223419,0.246188124616713,0.110007527617478,4133,insample,W2,2
50,dev,0.357649390447292,0.241217139166785,0.116432251280506,4133,insample,W2,2
60,dev,0.355413787217264,0.237648018144178,0.117765769073086,4133,insample,W2,2
70,dev,0.352926589279835,0.237218335022598,0.115708254257238,4133,insample,W2,2
80,dev,0.355728089068572,0.236643096222703,0.119084992845869,4133,insample,W2,2
90,dev,0.354586326346566,0.234107100437934,0.120479225908632,4133,insample,W2,2
100,dev,0.353315212619831,0.233523947404675,0.119791265215156,4133,insample,W2,2
10,dev,0.101144248606295,0.0469424759257247,0.0542017726805699,4494,ho_reconstruction,W2,2
20,dev,0.186652268105457,0.0971786402556756,0.0894736278497814,4494,ho_reconstruction,W2,2
30,dev,0.268449508066483,0.147957947969971,0.120491560096512,4494,ho_reconstruction,W2,2
40,dev,0.341647407015643,0.194310539710064,0.14733686730558,4494,ho_reconstruction,W2,2
50,dev,0.350643369389819,0.200554828841078,0.150088540548741,4494,ho_reconstruction,W2,2
60,dev,0.351913402237526,0.204689540938327,0.147223861299199,4494,ho_reconstruction,W2,2
70,dev,0.353462291804456,0.206874745509183,0.146587546295273,4494,ho_reconstruction,W2,2
80,dev,0.35932491173536,0.212698277179692,0.146626634555669,4494,ho_reconstruction,W2,2
90,dev,0.359444509618819,0.214228015026919,0.145216494591899,4494,ho_reconstruction,W2,2
100,dev,0.362654889407263,0.217335602562376,0.145319286844886,4494,ho_reconstruction,W2,2
10,dev,0.115771832971964,0.0719818932598112,0.0437899397121529,4122,insample,W2,3
20,dev,0.208238060725529,0.138211073429913,0.0700269872956152,4122,insample,W2,3
30,dev,0.284689943331792,0.191372455132774,0.0933174881990184,4122,insample,W2,3
40,dev,0.360957741528766,0.246227102506142,0.114730639022624,4122,insample,W2,3
50,dev,0.362739351001622,0.240013380854162,0.122725970147461,4122,insample,W2,3
60,dev,0.358805762623285,0.239348983681951,0.119456778941333,4122,insample,W2,3
70,dev,0.3558923075901,0.234181265485052,0.121711042105048,4122,insample,W2,3
80,dev,0.358379931509002,0.233976021374557,0.124403910134445,4122,insample,W2,3
90,dev,0.360146420073491,0.236775994190989,0.123370425882502,4122,insample,W2,3
100,dev,0.359285993593489,0.232609810858956,0.126676182734534,4122,insample,W2,3
10,dev,0.102098083015987,0.0458535030738842,0.0562445799421028,4486,ho_reconstruction,W2,3
20,dev,0.193431213247237,0.100710472544233,0.0927207407030041,4486,ho_reconstruction,W2,3
30,dev,0.270893140843981,0.146324113252086,0.124569027591895,4486,ho_reconstruction,W2,3
40,dev,0.348042578034765,0.196092456736024,0.151950121298741,4486,ho_reconstruction,W2,3
50,dev,0.357308619210851,0.203598814130837,0.153709805080014,4486,ho_reconstruction,W2,3
60,dev,0.354427214499854,0.202452393683592,0.151974820816262,4486,ho_reconstruction,W2,3
70,dev,0.357047178370559,0.20590980425662,0.151137374113938,4486,ho_reconstruction,W2,3
80,dev,0.363403035150359,0.211702187536982,0.151700847613377,4486,ho_reconstruction,W2,3
90,dev,0.366591734927501,0.216507112429928,0.150084622497573,4486,ho_reconstruction,W2,3
100,dev,0.370211341363296,0.220226341992983,0.149984999370314,4486,ho_reconstruction,W2,3
10,dev,0.113970890668802,0.0718092653249096,0.042161625343892,4091,insample,W2,4
20,dev,0.203840547168354,0.136900973913493,0.0669395732548607,4091,insample,W2,4
30,dev,0.28189674722773,0.193644161071228,0.0882525861565022,4091,insample,W2,4
40,dev,0.345758986496223,0.238608582240312,0.10715040425591,4091,insample,W2,4
50,dev,0.356268301846961,0.242224307429495,0.114043994417467,4091,insample,W2,4
60,dev,0.351081555280762,0.23367744352075,0.117404111760012,4091,insample,W2,4
70,dev,0.353156632464764,0.233882550529919,0.119274081934846,4091,insample,W2,4
80,dev,0.353938326434882,0.235115188643932,0.11882313779095,4091,insample,W2,4
90,dev,0.35329137934981,0.234012983456228,0.119278395893581,4091,insample,W2,4
100,dev,0.354193810807776,0.232405268027702,0.121788542780075,4091,insample,W2,4
10,dev,0.102334198222871,0.0470163004620614,0.0553178977608098,4468,ho_reconstruction,W2,4
20,dev,0.190806699458651,0.0996731980463887,0.0911335014122621,4468,ho_reconstruction,W2,4
30,dev,0.268040634532347,0.148927318654974,0.119113315877373,4468,ho_reconstruction,W2,4
40,dev,0.335563994552732,0.189251697343674,0.146312297209058,4468,ho_reconstruction,W2,4
50,dev,0.352607406068397,0.203645580284796,0.148961825783601,4468,ho_reconstruction,W2,4
60,dev,0.355113431939572,0.207400714692539,0.147712717247033,4468,ho_reconstruction,W2,4
70,dev,0.356721683419798,0.209726475345377,0.146995208074421,4468,ho_reconstruction,W2,4
80,dev,0.360482063960804,0.213739097145003,0.146742966815802,4468,ho_reconstruction,W2,4
90,dev,0.363752328069605,0.217759113063535,0.14599321500607,4468,ho_reconstruction,W2,4
100,dev,0.366400582435479,0.220159321846728,0.146241260588751,4468,ho_reconstruction,W2,4
10,dev,0.116310787390669,0.0741168642708299,0.0421939231198386,4094,insample,W2,5
20,dev,0.205023378403068,0.136885608759388,0.06813776964368,4094,insample,W2,5
30,dev,0.280771572941389,0.191705557699086,0.0890660152423031,4094,insample,W2,5
40,dev,0.359090353741663,0.24922309233944,0.109867261402223,4094,insample,W2,5
50,dev,0.361373473922149,0.247418415225261,0.113955058696888,4094,insample,W2,5
60,dev,0.355151305390679,0.237716677624307,0.117434627766372,4094,insample,W2,5
70,dev,0.353319788541826,0.233385657173802,0.119934131368024,4094,insample,W2,5
80,dev,0.35513291115727,0.238782392303189,0.11635051885408,4094,insample,W2,5
90,dev,0.353446943112111,0.23224360338289,0.121203339729221,4094,insample,W2,5
100,dev,0.357249908404955,0.23853069462943,0.118719213775524,4094,insample,W2,5
10,dev,0.102000485566986,0.0472772755169682,0.054723210050018,4463,ho_reconstruction,W2,5
20,dev,0.191945367447064,0.100342127688068,0.0916032397589955,4463,ho_reconstruction,W2,5
30,dev,0.266623312148521,0.146135264897401,0.12048804725112,4463,ho_reconstruction,W2,5
40,dev,0.346120540875287,0.199651071308837,0.14646946956645,4463,ho_reconstruction,W2,5
50,dev,0.35308862166159,0.204416844947083,0.148671776714507,4463,ho_reconstruction,W2,5
60,dev,0.354381355720097,0.208160927338229,0.146220428381867,4463,ho_reconstruction,W2,5
70,dev,0.355316917005087,0.209294376182045,0.146022540823042,4463,ho_reconstruction,W2,5
80,dev,0.358775622282003,0.21279244325102,0.145983179030982,4463,ho_reconstruction,W2,5
90,dev,0.362433061603917,0.216921808329146,0.145511253274771,4463,ho_reconstruction,W2,5
100,dev,0.366320093218573,0.221156019732329,0.145164073486244,4463,ho_reconstruction,W2,5
10,dev,0.1163489962589,0.0746500483639914,0.0416989478949083,4120,insample,W2,6
20,dev,0.202510453563075,0.134908790071618,0.0676016634914564,4120,insample,W2,6
30,dev,0.281781209318821,0.192436965828074,0.0893442434907471,4120,insample,W2,6
40,dev,0.347656659051479,0.239971002886772,0.107685656164707,4120,insample,W2,6
50,dev,0.356551963584122,0.239586635316371,0.116965328267752,4120,insample,W2,6
60,dev,0.352382297581651,0.234388743850348,0.117993553731303,4120,insample,W2,6
70,dev,0.351833066531227,0.233587490655757,0.11824557587547,4120,insample,W2,6
80,dev,0.35237254202041,0.234976669830892,0.117395872189518,4120,insample,W2,6
90,dev,0.352105040395061,0.233018694321092,0.119086346073969,4120,insample,W2,6
100,dev,0.354821324193716,0.237176377137685,0.117644947056031,4120,insample,W2,6
10,dev,0.103713574848902,0.0489247795889566,0.0547887952599452,4476,ho_reconstruction,W2,6
20,dev,0.190004642481974,0.0985779671278592,0.0914266753541148,4476,ho_reconstruction,W2,6
30,dev,0.267599623148279,0.148306336943233,0.119293286205047,4476,ho_reconstruction,W2,6
40,dev,0.335691956583791,0.192352819748063,0.143339136835728,4476,ho_reconstruction,W2,6
50,dev,0.350483003424866,0.202656938557844,0.147826064867022,4476,ho_reconstruction,W2,6
60,dev,0.351923022202587,0.204566951466774,0.147356070735813,4476,ho_reconstruction,W2,6
70,dev,0.356238797414863,0.210818378704886,0.145420418709977,4476,ho_reconstruction,W2,6
80,dev,0.358373731609897,0.214311672369005,0.144062059240892,4476,ho_reconstruction,W2,6
90,dev,0.361582990974921,0.215631429035927,0.145951561938993,4476,ho_reconstruction,W2,6
100,dev,0.36339262146354,0.21835285951624,0.1450397619473,4476,ho_reconstruction,W2,6
10,dev,0.118349123269758,0.0754559595354659,0.0428931637342919,4133,insample,W2,7
20,dev,0.207727514572348,0.138829662067665,0.0688978525046823,4133,insample,W2,7
30,dev,0.282615866868139,0.191227173362944,0.0913886935051947,4133,insample,W2,7
40,dev,0.361994025670862,0.249111857336677,0.112882168334185,4133,insample,W2,7
50,dev,0.361717105778754,0.245100235298994,0.116616870479761,4133,insample,W2,7
60,dev,0.356460681589028,0.236299457910153,0.120161223678875,4133,insample,W2,7
70,dev,0.359778637557237,0.239809262882408,0.119969374674829,4133,insample,W2,7
80,dev,0.358522607583836,0.236810663778094,0.121711943805742,4133,insample,W2,7
90,dev,0.360052115131866,0.240493379786156,0.11955873534571,4133,insample,W2,7
100,dev,0.358252980278764,0.235742397172276,0.122510583106488,4133,insample,W2,7
10,dev,0.104454166717341,0.0491889977061207,0.05526516901122,4469,ho_reconstruction,W2,7
20,dev,0.193489091230369,0.101916370399566,0.0915727208308028,4469,ho_reconstruction,W2,7
30,dev,0.268863395754604,0.148037227077294,0.12082616867731,4469,ho_reconstruction,W2,7
40,dev,0.34816328571348,0.200309681735142,0.147853603978337,4469,ho_reconstruction,W2,7
50,dev,0.354254150059848,0.205955047449317,0.148299102610531,4469,ho_reconstruction,W2,7
60,dev,0.354509374424124,0.20694854130985,0.147560833114274,4469,ho_reconstruction,W2,7
70,dev,0.360855872890748,0.213174824918366,0.147681047972383,4469,ho_reconstruction,W2,7
80,dev,0.363005065585926,0.216174979252373,0.146830086333553,4469,ho_reconstruction,W2,7
90,dev,0.364774442641376,0.217585688121653,0.147188754519723,4469,ho_reconstruction,W2,7
100,dev,0.365973201539632,0.219925797994755,0.146047403544877,4469,ho_reconstruction,W2,7
10,dev,0.114632420425905,0.0737329592683832,0.0408994611575221,4145,insample,W2,8
20,dev,0.20604274908077,0.139705047050549,0.066337702030221,4145,insample,W2,8
30,dev,0.280574204130005,0.19190102465027,0.0886731794797344,4145,insample,W2,8
40,dev,0.349293299845026,0.240826900280696,0.10846639956433,4145,insample,W2,8
50,dev,0.357264294856596,0.241462470166713,0.115801824689883,4145,insample,W2,8
60,dev,0.3562948195448,0.24260688911112,0.113687930433679,4145,insample,W2,8
70,dev,0.352975128515809,0.235753536346498,0.117221592169311,4145,insample,W2,8
80,dev,0.356714709574534,0.238895171243285,0.117819538331249,4145,insample,W2,8
90,dev,0.35615898455639,0.239393185150385,0.116765799406005,4145,insample,W2,8
100,dev,0.357435853321859,0.235428444556005,0.122007408765854,4145,insample,W2,8
10,dev,0.102268704355045,0.0480544590127829,0.054214245342262,4490,ho_reconstruction,W2,8
20,dev,0.193729376048741,0.102029113080897,0.0917002629678437,4490,ho_reconstruction,W2,8
30,dev,0.270248307516003,0.148809488887529,0.121438818628474,4490,ho_reconstruction,W2,8
40,dev,0.340170759666614,0.194442244074639,0.145728515591975,4490,ho_reconstruction,W2,8
50,dev,0.354563425538243,0.205994343974058,0.148569081564186,4490,ho_reconstruction,W2,8
60,dev,0.356470926079708,0.209377573412505,0.147093352667202,4490,ho_reconstruction,W2,8
70,dev,0.35924013431729,0.212634880406552,0.146605253910739,4490,ho_reconstruction,W2,8
80,dev,0.364009657647473,0.217404241854108,0.146605415793366,4490,ho_reconstruction,W2,8
90,dev,0.36498270193644,0.218076797533134,0.146905904403306,4490,ho_reconstruction,W2,8
100,dev,0.36947497071884,0.22548982282052,0.14398514789832,4490,ho_reconstruction,W2,8
10,dev,0.114759438265007,0.0741073092667452,0.040652128998262,4161,insample,W2,9
20,dev,0.205511010915508,0.13967147460502,0.0658395363104883,4161,insample,W2,9
30,dev,0.2810101022097,0.191049178366538,0.0899609238431628,4161,insample,W2,9
40,dev,0.348868226771566,0.240484425104636,0.10838380166693,4161,insample,W2,9
50,dev,0.355316332845473,0.240143418172935,0.115172914672538,4161,insample,W2,9
60,dev,0.356115693552805,0.235532627676098,0.120583065876708,4161,insample,W2,9
70,dev,0.356116170403443,0.236810428802667,0.119305741600776,4161,insample,W2,9
80,dev,0.355305335884122,0.23495375026606,0.120351585618061,4161,insample,W2,9
90,dev,0.357555733965803,0.239823297887974,0.117732436077829,4161,insample,W2,9
100,dev,0.35850992174444,0.240398801919798,0.118111119824643,4161,insample,W2,9
10,dev,0.103515546984259,0.0479394155511225,0.0555761314331362,4513,ho_reconstruction,W2,9
20,dev,0.193245572698771,0.102361068097635,0.0908845046011352,4513,ho_reconstruction,W2,9
30,dev,0.265814124614276,0.144319719924263,0.121494404690014,4513,ho_reconstruction,W2,9
40,dev,0.336414319583401,0.191371349796367,0.145042969787034,4513,ho_reconstruction,W2,9
50,dev,0.348262628562621,0.19896859065783,0.149294037904791,4513,ho_reconstruction,W2,9
60,dev,0.356644448396478,0.208566758290493,0.148077690105985,4513,ho_reconstruction,W2,9
70,dev,0.358534546003647,0.21075664959524,0.147777896408407,4513,ho_reconstruction,W2,9
80,dev,0.361333589600687,0.216182618130956,0.145150971469731,4513,ho_reconstruction,W2,9
90,dev,0.363433760829201,0.218185229979178,0.145248530850023,4513,ho_reconstruction,W2,9
100,dev,0.366802356943391,0.220566911639722,0.146235445303669,4513,ho_reconstruction,W2,9
10,dev,0.11587879104973,0.0740370630352026,0.0418417280145275,4121,insample,W2,10
20,dev,0.208741173697418,0.141691815507739,0.0670493581896786,4121,insample,W2,10
30,dev,0.284037267332836,0.1945988174215,0.0894384499113362,4121,insample,W2,10
40,dev,0.357750014489197,0.247292927185087,0.110457087304111,4121,insample,W2,10
50,dev,0.358338001150517,0.241043548204468,0.11729445294605,4121,insample,W2,10
60,dev,0.358358815302831,0.241538283256478,0.116820532046354,4121,insample,W2,10
70,dev,0.354391878367904,0.235508587144739,0.118883291223165,4121,insample,W2,10
80,dev,0.358104376135377,0.240541511798443,0.117562864336934,4121,insample,W2,10
90,dev,0.354459402807394,0.237240401229228,0.117219001578166,4121,insample,W2,10
100,dev,0.357460930102815,0.24069778573683,0.116763144365985,4121,insample,W2,10
10,dev,0.103033128305405,0.048668296351398,0.0543648319540068,4475,ho_reconstruction,W2,10
20,dev,0.1944993290394,0.104408425198541,0.0900909038408589,4475,ho_reconstruction,W2,10
30,dev,0.270656103241602,0.150978671359314,0.119677431882288,4475,ho_reconstruction,W2,10
40,dev,0.344223587751714,0.198289987472574,0.14593360027914,4475,ho_reconstruction,W2,10
50,dev,0.354443510564638,0.207507819938044,0.146935690626595,4475,ho_reconstruction,W2,10
60,dev,0.356698423896169,0.209841947897076,0.146856475999092,4475,ho_reconstruction,W2,10
70,dev,0.357922976120209,0.213853238101445,0.144069738018764,4475,ho_reconstruction,W2,10
80,dev,0.362319187770293,0.217506104066526,0.144813083703768,4475,ho_reconstruction,W2,10
90,dev,0.363298790444876,0.219915909712394,0.143382880732482,4475,ho_reconstruction,W2,10
100,dev,0.367330052426541,0.223661678212371,0.143668374214171,4475,ho_reconstruction,W2,10
