stratum,words,mass_pp,partition,stratum_lab,K,half_abs_sum_pp
1,5516,0.0168419334975767,training frequency (Test 2),g1,50,0.0723193824030407
2,5515,0.0107203691423335,training frequency (Test 2),g2,50,0.0723193824030407
3,5515,0.00103106262091472,training frequency (Test 2),g3,50,0.0723193824030407
4,5515,-0.0723193824034707,training frequency (Test 2),g4,50,0.0723193824030407
5,5515,0.0437260171417858,training frequency (Test 2),g5,50,0.0723193824030407
0,10,-4.03514552711698e-05,training word fit (Test 3),excluded,50,0.16787237910179
1,5514,-0.0796183650643316,training word fit (Test 3),g1,50,0.16787237910179
2,5513,-0.0551945084053781,training word fit (Test 3),g2,50,0.16787237910179
3,5513,-0.0330191541772402,training word fit (Test 3),g3,50,0.16787237910179
4,5513,0.047982991758335,training word fit (Test 3),g4,50,0.16787237910179
5,5513,0.119889387343024,training word fit (Test 3),g5,50,0.16787237910179
1,5516,0.0171008864271455,training frequency (Test 2),g1,40,0.0842307072417973
2,5515,0.0121325317507929,training frequency (Test 2),g2,40,0.0842307072417973
3,5515,0.00235679645917721,training frequency (Test 2),g3,40,0.0842307072417973
4,5515,-0.0842307072413913,training frequency (Test 2),g4,40,0.0842307072417973
5,5515,0.0526404926050877,training frequency (Test 2),g5,40,0.0842307072417973
0,10,-3.66205997966536e-05,training word fit (Test 3),excluded,40,0.126341582460767
1,5514,-0.0789318198672977,training word fit (Test 3),g1,40,0.126341582460767
2,5513,-0.047373141993266,training word fit (Test 3),g2,40,0.126341582460767
3,5513,0.0084744167673348,training word fit (Test 3),g3,40,0.126341582460767
4,5513,0.00567734690955932,training word fit (Test 3),g4,40,0.126341582460767
5,5513,0.112189818784279,training word fit (Test 3),g5,40,0.126341582460767
1,5516,0.0199766553809616,training frequency (Test 2),g1,60,0.0553094229666756
2,5515,0.017991422276901,training frequency (Test 2),g2,60,0.0553094229666756
3,5515,0.0140290185533367,training frequency (Test 2),g3,60,0.0553094229666756
4,5515,-0.0553094229670856,training frequency (Test 2),g4,60,0.0553094229666756
5,5515,0.00331232675506633,training frequency (Test 2),g5,60,0.0553094229666756
0,10,-3.71588581921131e-05,training word fit (Test 3),excluded,60,0.11342436570854
1,5514,-0.0537107374441528,training word fit (Test 3),g1,60,0.11342436570854
2,5513,-0.00921509685855642,training word fit (Test 3),g2,60,0.11342436570854
3,5513,-0.0367981823020583,training word fit (Test 3),g3,60,0.11342436570854
4,5513,0.11342436570813,training word fit (Test 3),g4,60,0.11342436570854
5,5513,-0.01366319024599,training word fit (Test 3),g5,60,0.11342436570854
1,5516,0.0222324717774571,training frequency (Test 2),g1,180,0.0710631167338402
2,5515,0.0239763375610929,training frequency (Test 2),g2,180,0.0710631167338402
3,5515,0.0248543073953767,training frequency (Test 2),g3,180,0.0710631167338402
4,5515,-0.00975328823327967,training frequency (Test 2),g4,180,0.0710631167338402
5,5515,-0.0613098285004739,training frequency (Test 2),g5,180,0.0710631167338402
0,10,-4.76149023461965e-05,training word fit (Test 3),excluded,180,0.158331120193184
1,5514,-0.0866654433548462,training word fit (Test 3),g1,180,0.158331120193184
2,5513,-0.0716180619359055,training word fit (Test 3),g2,180,0.158331120193184
3,5513,0.047085755447457,training word fit (Test 3),g3,180,0.158331120193184
4,5513,0.0384881260079445,training word fit (Test 3),g4,180,0.158331120193184
5,5513,0.0727572387378693,training word fit (Test 3),g5,180,0.158331120193184
1,5516,0.0227027090919016,training frequency (Test 2),g1,170,0.0775755040136766
2,5515,0.0251184782978713,training frequency (Test 2),g2,170,0.0775755040136766
3,5515,0.0297543166239647,training frequency (Test 2),g3,170,0.0775755040136766
4,5515,-0.00109711829611877,training frequency (Test 2),g4,170,0.0775755040136766
5,5515,-0.0764783857174969,training frequency (Test 2),g5,170,0.0775755040136766
0,10,-4.09199633579017e-05,training word fit (Test 3),excluded,170,0.166510800779448
1,5514,-0.0968760845148913,training word fit (Test 3),g1,170,0.166510800779448
2,5513,-0.0695937963011378,training word fit (Test 3),g2,170,0.166510800779448
3,5513,0.00523599629631757,training word fit (Test 3),g3,170,0.166510800779448
4,5513,0.0571253508775834,training word fit (Test 3),g4,170,0.166510800779448
5,5513,0.104149453605608,training word fit (Test 3),g5,170,0.166510800779448
1,5516,0.0229286545163519,training frequency (Test 2),g1,190,0.0912910553805577
2,5515,0.0256059643867136,training frequency (Test 2),g2,190,0.0912910553805577
3,5515,0.0317722777935234,training frequency (Test 2),g3,190,0.0912910553805577
4,5515,0.010984158683935,training frequency (Test 2),g4,190,0.0912910553805577
5,5515,-0.0912910553805916,training frequency (Test 2),g5,190,0.0912910553805577
0,10,-4.62954031394756e-05,training word fit (Test 3),excluded,190,0.137291314297159
1,5514,-0.137245018894053,training word fit (Test 3),g1,190,0.137291314297159
2,5513,0.000332164458081431,training word fit (Test 3),g2,190,0.137291314297159
3,5513,0.0139476568707813,training word fit (Test 3),g3,190,0.137291314297159
4,5513,0.0336728454847935,training word fit (Test 3),g4,190,0.137291314297159
5,5513,0.0893386474834684,training word fit (Test 3),g5,190,0.137291314297159
