word,doc_freq,r2_package,r2_paper_null,r2_paper_null_dropzero,zero_cells,elig
firstenergy,6,-21.4422267977714,0.27446975657008,0.27446975657008,0,TRUE
farmer,19,-3.10131901458805,0.00500225663520393,0.00500225663520393,0,TRUE
helicopters,10,-2.90740742977251,0.0786203520636725,0.0786203520636725,0,TRUE
brewing,6,-2.36461483229709,0.0865419726770966,0.0865419726770966,0,TRUE
repos,5,-2.21099040151906,0.112200694295737,0.112200694295737,0,TRUE
idaho,44,-2.14872126827977,0.208087119888894,0.208087119888894,0,TRUE
corning,5,-2.06416821808604,0.209303582138821,0.209303582138821,0,TRUE
hawaiian,15,-1.96934271947771,0.386788845673645,0.386788845673645,0,TRUE
net-leased,5,-1.94664456506735,0.106792137384254,0.106792137384254,0,TRUE
manitoba,5,-1.8132218061758,0.032315297936921,0.032315297936921,0,TRUE
hamilton,11,-1.77807564448952,0.0695384785803095,0.0695384785803095,0,TRUE
seas,6,-1.63994279414273,0.10329541697854,0.10329541697854,0,TRUE
sulfate,6,-1.52437274810931,0.181291376577536,0.181291376577536,0,TRUE
brass,6,-1.45610317452834,0.150113461422383,0.150113461422383,0,TRUE
hartford,12,-1.42989700213472,-0.0292718351165182,-0.0292718351165182,0,TRUE
boise,6,-1.40457226095886,0.0638400948000873,0.0638400948000873,0,TRUE
stifel,5,-1.33817749505829,0.111484399192563,0.111484399192563,0,TRUE
peaks,27,-1.30635498913452,-0.0510503395980373,-0.0510503395980373,0,TRUE
landfills,16,-1.18590110742245,0.310507313821088,0.310507313821088,0,TRUE
sub-sector,5,-1.16641758042654,0.0346865567438842,0.0346865567438842,0,TRUE
boys,5,-1.09497004950317,-0.00406421581336947,-0.00406421581336947,0,TRUE
lending-related,6,-1.09167709874373,0.1986288996656,0.1986288996656,0,TRUE
shire,6,-1.01829773901735,0.160061957435185,0.160061957435185,0,TRUE
wright,9,-1.00771113764299,-0.0659175849723444,-0.0659175849723444,0,TRUE
mist,6,-1.00138168050432,0.00204720749040499,0.00204720749040499,0,TRUE
concord,5,-0.999721791804648,-0.239032697845377,-0.239032697845377,0,TRUE
aetna,5,-0.952518371103709,0.123676862838437,0.123676862838437,0,TRUE
transloading,5,-0.922416539946124,0.307959306279822,0.307959306279822,0,TRUE
federated,5,-0.917199992645923,-0.0517704740916172,-0.0517704740916172,0,TRUE
mid-range,5,-0.915981256782901,-0.0688530547295245,-0.0688530547295245,0,TRUE
emergent,5,-0.899508496687864,-0.159141832725212,-0.159141832725212,0,TRUE
aruba,5,-0.896477642405036,0.0747146819130475,0.0747146819130475,0,TRUE
artwork,6,-0.887841333679264,0.0104527433601306,0.0104527433601306,0,TRUE
georgetown,5,-0.875893819813302,0.0219581826426017,0.0219581826426017,0,TRUE
trinity,9,-0.865027344473964,-0.017792178621777,-0.017792178621777,0,TRUE
pasadena,8,-0.854332529874029,0.0161966024233354,0.0161966024233354,0,TRUE
earth,22,-0.843107838620918,0.0139760562923847,0.0139760562923847,0,TRUE
aeronautics,5,-0.823704871438094,0.209920435103974,0.209920435103974,0,TRUE
directv,5,-0.819806884106857,0.0751276509871485,0.0751276509871485,0,TRUE
brooks,6,-0.80919487975916,-0.0714622528081244,-0.0714622528081244,0,TRUE
