block,eval,metric,value,ci
fit,In-sample,dev,0.4112,"[0.4079, 0.4146]"
fit,In-sample,chisq,0.5658,"[0.5620, 0.5696]"
fit,In-sample,se,0.7329,"[0.7204, 0.7454]"
fit,Held-out (reconstruction),dev,0.4788,"[0.4743, 0.4832]"
fit,Held-out (reconstruction),chisq,0.634,"[0.6292, 0.6388]"
fit,Held-out (reconstruction),se,0.8151,"[0.8062, 0.8240]"
fit,Held-out (completion),dev,0.4398,"[0.4344, 0.4453]"
fit,Held-out (completion),chisq,0.596,"[0.5903, 0.6016]"
fit,Held-out (completion),se,0.7532,"[0.7369, 0.7696]"
fit_micro,In-sample,dev,0.4114,""
fit_micro,In-sample,chisq,0.6299,""
fit_micro,In-sample,se,0.8657,""
fit_micro,Held-out (reconstruction),dev,0.4877,""
fit_micro,Held-out (reconstruction),chisq,0.6973,""
fit_micro,Held-out (reconstruction),se,0.8701,""
fit_micro,Held-out (completion),dev,0.461,""
fit_micro,Held-out (completion),chisq,0.6529,""
fit_micro,Held-out (completion),se,0.8645,""
gap,In-sample,dev,2e-04,"[-0.0033, 0.0037]"
gap,In-sample,chisq,0.0642,"[0.0531, 0.0752]"
gap,In-sample,se,0.1328,"[0.1142, 0.1514]"
gap,Held-out (reconstruction),dev,0.009,"[0.0038, 0.0141]"
gap,Held-out (reconstruction),chisq,0.0633,"[0.0492, 0.0774]"
gap,Held-out (reconstruction),se,0.0551,"[0.0462, 0.0639]"
gap,Held-out (completion),dev,0.0212,"[0.0153, 0.0270]"
gap,Held-out (completion),chisq,0.0569,"[0.0479, 0.0660]"
gap,Held-out (completion),se,0.1113,"[0.0951, 0.1274]"
gap_channels,Held-out (reconstruction),length,-0.0044,""
gap_channels,Held-out (reconstruction),atypicality,0.0063,""
gap_channels,Held-out (reconstruction),interaction,0.007,""
boilerplate,Held-out (completion),excluded_share,0.0055,""
moment_tests,Held-out,T1_freq_contrast,1.6,p = 0.21; gbar = 4.9e-08
moment_tests,Held-out,T2_freq_strata,109.6,p = 8.7e-23; gbar = 2.1e-07
moment_tests,Held-out,T3_fit_strata,38.1,p = 1.1e-07; gbar = 5.7e-07
