K,J_ev,coverage,n
10,100,0.94,100
20,100,0.97,100
30,100,0.98,100
40,100,0.96,100
50,100,0.96,100
60,100,0.96,100
70,100,0.95,100
80,100,0.97,100
90,100,0.95,100
100,100,0.95,100
10,250,0.98,100
20,250,0.97,100
30,250,0.99,100
40,250,0.93,100
50,250,0.95,100
60,250,0.94,100
70,250,0.97,100
80,250,0.92,100
90,250,0.94,100
100,250,0.93,100
10,500,0.95,100
20,500,0.92,100
30,500,0.95,100
40,500,0.95,100
50,500,0.93,100
60,500,0.93,100
70,500,0.94,100
80,500,0.94,100
90,500,0.95,100
100,500,0.94,100
