eval,K,n_docs,retained_cells_mean,retained_cells_median,retained_cells_min,observed_pooled_token_share,predicted_pooled_token_share,observed_pooled_doc_mean,predicted_pooled_doc_mean,null_excl_share
com,10,3466,242.492210040392,232,0,0.392801660924551,0.439291088326364,0.496197853421853,0.549113679253737,0.00548182342758223
com,20,3466,242.492210040392,232,0,0.392801660924551,0.423995429022082,0.496197853421853,0.526946356785139,0.00548182342758223
com,30,3466,242.492210040392,232,0,0.392801660924551,0.416982218330424,0.496197853421853,0.520645674666637,0.00548182342758223
com,40,3466,242.492210040392,232,0,0.392801660924551,0.413672995488441,0.496197853421853,0.516742964537569,0.00548182342758223
com,50,3466,242.492210040392,232,0,0.392801660924551,0.410988548105512,0.496197853421853,0.514304156877963,0.00548182342758223
com,60,3466,242.492210040392,232,0,0.392801660924551,0.408931348709579,0.496197853421853,0.512639773279522,0.00548182342758223
com,70,3466,242.492210040392,232,0,0.392801660924551,0.407041044575932,0.496197853421853,0.51021207749181,0.00548182342758223
com,80,3466,242.492210040392,232,0,0.392801660924551,0.405483947449077,0.496197853421853,0.508414760926552,0.00548182342758223
com,90,3466,242.492210040392,232,0,0.392801660924551,0.404787134691857,0.496197853421853,0.50850115875604,0.00548182342758223
com,100,3466,242.492210040392,232,0,0.392801660924551,0.403123187325782,0.496197853421853,0.506364325913547,0.00548182342758223
com,110,3466,242.492210040392,232,0,0.392801660924551,0.402113685135341,0.496197853421853,0.505994487741371,0.00548182342758223
com,120,3466,242.492210040392,232,0,0.392801660924551,0.401067700744113,0.496197853421853,0.50470216772183,0.00548182342758223
com,130,3466,242.492210040392,232,0,0.392801660924551,0.399964827581472,0.496197853421853,0.503859277408028,0.00548182342758223
com,140,3466,242.492210040392,232,0,0.392801660924551,0.399218393065733,0.496197853421853,0.502816415838854,0.00548182342758223
com,150,3466,242.492210040392,232,0,0.392801660924551,0.398739690235551,0.496197853421853,0.501961847948712,0.00548182342758223
com,160,3466,242.492210040392,232,0,0.392801660924551,0.398446483188599,0.496197853421853,0.502218857029987,0.00548182342758223
com,170,3466,242.492210040392,232,0,0.392801660924551,0.397292664025484,0.496197853421853,0.500954260185524,0.00548182342758223
com,180,3466,242.492210040392,232,0,0.392801660924551,0.397241890425361,0.496197853421853,0.500859158387036,0.00548182342758223
com,190,3466,242.492210040392,232,0,0.392801660924551,0.396464797404307,0.496197853421853,0.49985683791863,0.00548182342758223
com,200,3466,242.492210040392,232,0,0.392801660924551,0.396412830176557,0.496197853421853,0.500411419381737,0.00548182342758223
rec,10,3466,430.209751875361,426,2,0.277587341353215,0.331055664385129,0.367173920863984,0.433561341000314,0
rec,20,3466,430.209751875361,426,2,0.277587341353215,0.314595372743274,0.367173920863984,0.407648359058435,0
rec,30,3466,430.209751875361,426,2,0.277587341353215,0.307449114382735,0.367173920863984,0.400932178966458,0
rec,40,3466,430.209751875361,426,2,0.277587341353215,0.303550460625552,0.367173920863984,0.395759637063137,0
rec,50,3466,430.209751875361,426,2,0.277587341353215,0.301047863858791,0.367173920863984,0.393330161895901,0
rec,60,3466,430.209751875361,426,2,0.277587341353215,0.298594850986097,0.367173920863984,0.391360056849319,0
rec,70,3466,430.209751875361,426,2,0.277587341353215,0.296553201187488,0.367173920863984,0.38825254751122,0
rec,80,3466,430.209751875361,426,2,0.277587341353215,0.294971231502187,0.367173920863984,0.386386746856665,0
rec,90,3466,430.209751875361,426,2,0.277587341353215,0.294383422527177,0.367173920863984,0.38670484434184,0
rec,100,3466,430.209751875361,426,2,0.277587341353215,0.29235627513392,0.367173920863984,0.383838420326083,0
rec,110,3466,430.209751875361,426,2,0.277587341353215,0.291471309646588,0.367173920863984,0.383360926807113,0
rec,120,3466,430.209751875361,426,2,0.277587341353215,0.290116413548937,0.367173920863984,0.381970757343816,0
rec,130,3466,430.209751875361,426,2,0.277587341353215,0.289012263961775,0.367173920863984,0.381135456685916,0
rec,140,3466,430.209751875361,426,2,0.277587341353215,0.288526629025069,0.367173920863984,0.380059955082438,0
rec,150,3466,430.209751875361,426,2,0.277587341353215,0.287713313861287,0.367173920863984,0.378862428558203,0
rec,160,3466,430.209751875361,426,2,0.277587341353215,0.287262786016463,0.367173920863984,0.378887308655827,0
rec,170,3466,430.209751875361,426,2,0.277587341353215,0.286014095196287,0.367173920863984,0.37727384699573,0
rec,180,3466,430.209751875361,426,2,0.277587341353215,0.286042538073733,0.367173920863984,0.377409529770866,0
rec,190,3466,430.209751875361,426,2,0.277587341353215,0.285374762273854,0.367173920863984,0.376332663441095,0
rec,200,3466,430.209751875361,426,2,0.277587341353215,0.285281499653884,0.367173920863984,0.376929321360444,0
