source,protocol,floor,K_best_log_score,K_best_micro,K_best_macro,max_token_share_floor
E1_Kstar20_W10000,com,1e-14,20,20,20,0.00756003510187872
E1_Kstar20_W10000,com,1e-12,20,20,20,0.00788671317025052
E1_Kstar20_W10000,com,1e-10,20,20,20,0.00824061441098663
E1_Kstar20_W10000,rec,1e-14,50,50,50,0.0013204
E1_Kstar20_W10000,rec,1e-12,50,50,50,0.0013204
E1_Kstar20_W10000,rec,1e-10,50,50,50,0.0013204
E1_Kstar40_W5000,com,1e-14,40,40,40,0.00144492888765678
E1_Kstar40_W5000,com,1e-12,40,40,40,0.00158174109130534
E1_Kstar40_W5000,com,1e-10,40,40,40,0.00174255543594489
E1_Kstar40_W5000,rec,1e-14,90,90,90,0.000184
E1_Kstar40_W5000,rec,1e-12,90,90,90,0.000184
E1_Kstar40_W5000,rec,1e-10,90,90,90,0.000184
MDNA,com,1e-14,200,200,200,7.49514689238718e-05
MDNA,com,1e-12,200,200,200,9.11909538573773e-05
MDNA,com,1e-10,200,200,200,0.000114425909223778
MDNA,rec,1e-14,200,200,200,0
MDNA,rec,1e-12,200,200,200,0
MDNA,rec,1e-10,200,200,200,0
