eval,replicate,rule,eps,K_hat,certified,n_comparisons,max_ub,M
ho_reconstruction,1,adjacent_pointwise,0.01,40,TRUE,1,0.00167076545050883,1
ho_reconstruction,1,adjacent_simultaneous,0.01,40,TRUE,1,0.00181696829355128,9
ho_reconstruction,1,total_gain,0.01,40,TRUE,6,0.00634865741610128,45
ho_reconstruction,1,adjacent_pointwise,0.005,40,TRUE,1,0.00167076545050883,1
ho_reconstruction,1,adjacent_simultaneous,0.005,40,TRUE,1,0.00181696829355128,9
ho_reconstruction,1,total_gain,0.005,50,TRUE,5,0.00494192200501407,45
ho_completion,1,adjacent_pointwise,0.01,40,TRUE,1,0.00059997742725768,1
ho_completion,1,adjacent_simultaneous,0.01,40,TRUE,1,0.00163979697015639,9
ho_completion,1,total_gain,0.01,40,TRUE,6,0.00285643793311189,45
ho_completion,1,adjacent_pointwise,0.005,40,TRUE,1,0.00059997742725768,1
ho_completion,1,adjacent_simultaneous,0.005,40,TRUE,1,0.00163979697015639,9
ho_completion,1,total_gain,0.005,40,TRUE,6,0.00285643793311189,45
ho_reconstruction,2,adjacent_pointwise,0.01,40,TRUE,1,-0.00292896962730629,1
ho_reconstruction,2,adjacent_simultaneous,0.01,40,TRUE,1,-0.00272071041817768,9
ho_reconstruction,2,total_gain,0.01,40,TRUE,6,0.00633938246806555,45
ho_reconstruction,2,adjacent_pointwise,0.005,40,TRUE,1,-0.00292896962730629,1
ho_reconstruction,2,adjacent_simultaneous,0.005,40,TRUE,1,-0.00272071041817768,9
ho_reconstruction,2,total_gain,0.005,80,TRUE,2,0.00404553021312559,45
ho_completion,2,adjacent_pointwise,0.01,40,TRUE,1,0.00104771347310357,1
ho_completion,2,adjacent_simultaneous,0.01,40,TRUE,1,0.00237945442626996,9
ho_completion,2,total_gain,0.01,40,TRUE,6,0.00315321546190626,45
ho_completion,2,adjacent_pointwise,0.005,40,TRUE,1,0.00104771347310357,1
ho_completion,2,adjacent_simultaneous,0.005,40,TRUE,1,0.00237945442626996,9
ho_completion,2,total_gain,0.005,40,TRUE,6,0.00315321546190626,45
ho_reconstruction,3,adjacent_pointwise,0.01,40,TRUE,1,0.00771926814387137,1
ho_reconstruction,3,adjacent_simultaneous,0.01,40,TRUE,1,0.00808544888005425,9
ho_reconstruction,3,total_gain,0.01,50,TRUE,5,0.0099751199705209,45
ho_reconstruction,3,adjacent_pointwise,0.005,50,TRUE,1,0.00441530948294781,1
ho_reconstruction,3,adjacent_simultaneous,0.005,50,TRUE,1,0.00467749639536463,9
ho_reconstruction,3,total_gain,0.005,70,TRUE,3,0.00376660151450574,45
ho_completion,3,adjacent_pointwise,0.01,40,TRUE,1,0.00102216779147174,1
ho_completion,3,adjacent_simultaneous,0.01,40,TRUE,1,0.00218610774210637,9
ho_completion,3,total_gain,0.01,40,TRUE,6,0.00628295792363357,45
ho_completion,3,adjacent_pointwise,0.005,40,TRUE,1,0.00102216779147174,1
ho_completion,3,adjacent_simultaneous,0.005,40,TRUE,1,0.00218610774210637,9
ho_completion,3,total_gain,0.005,70,TRUE,3,0.00251295817059192,45
ho_reconstruction,4,adjacent_pointwise,0.01,40,TRUE,1,0.00797220768566881,1
ho_reconstruction,4,adjacent_simultaneous,0.01,40,TRUE,1,0.0082551661086445,9
ho_reconstruction,4,total_gain,0.01,50,TRUE,5,0.00567703147082577,45
ho_reconstruction,4,adjacent_pointwise,0.005,50,TRUE,1,0.000222871761223194,1
ho_reconstruction,4,adjacent_simultaneous,0.005,50,TRUE,1,0.000425219987947045,9
ho_reconstruction,4,total_gain,0.005,70,TRUE,3,0.0039501475069748,45
ho_completion,4,adjacent_pointwise,0.01,40,TRUE,1,0.00484836875584347,1
ho_completion,4,adjacent_simultaneous,0.01,40,TRUE,1,0.00605144249025105,9
ho_completion,4,total_gain,0.01,40,TRUE,6,0.00702520487916769,45
ho_completion,4,adjacent_pointwise,0.005,40,TRUE,1,0.00484836875584347,1
ho_completion,4,adjacent_simultaneous,0.005,50,TRUE,1,0.00293145307342362,9
ho_completion,4,total_gain,0.005,50,TRUE,5,0.00353537710398709,45
ho_reconstruction,5,adjacent_pointwise,0.01,50,TRUE,1,0.00122969278467897,1
ho_reconstruction,5,adjacent_simultaneous,0.01,50,TRUE,1,0.00138253577501862,9
ho_reconstruction,5,total_gain,0.01,50,TRUE,5,0.00558409166829707,45
ho_reconstruction,5,adjacent_pointwise,0.005,50,TRUE,1,0.00122969278467897,1
ho_reconstruction,5,adjacent_simultaneous,0.005,50,TRUE,1,0.00138253577501862,9
ho_reconstruction,5,total_gain,0.005,60,TRUE,4,0.00463612658994928,45
ho_completion,5,adjacent_pointwise,0.01,40,TRUE,1,0.00317714127675424,1
ho_completion,5,adjacent_simultaneous,0.01,40,TRUE,1,0.00411873926283279,9
ho_completion,5,total_gain,0.01,40,TRUE,6,0.00466582150966835,45
ho_completion,5,adjacent_pointwise,0.005,40,TRUE,1,0.00317714127675424,1
ho_completion,5,adjacent_simultaneous,0.005,40,TRUE,1,0.00411873926283279,9
ho_completion,5,total_gain,0.005,40,TRUE,6,0.00466582150966835,45
ho_reconstruction,6,adjacent_pointwise,0.01,40,TRUE,1,0.00142011648984076,1
ho_reconstruction,6,adjacent_simultaneous,0.01,40,TRUE,1,0.00158917935613135,9
ho_reconstruction,6,total_gain,0.01,40,TRUE,6,0.00632757522691984,45
ho_reconstruction,6,adjacent_pointwise,0.005,40,TRUE,1,0.00142011648984076,1
ho_reconstruction,6,adjacent_simultaneous,0.005,40,TRUE,1,0.00158917935613135,9
ho_reconstruction,6,total_gain,0.005,80,TRUE,2,0.00424002376188277,45
ho_completion,6,adjacent_pointwise,0.01,40,TRUE,1,-0.0036124756277012,1
ho_completion,6,adjacent_simultaneous,0.01,40,TRUE,1,-0.0025249966528859,9
ho_completion,6,total_gain,0.01,40,TRUE,6,0.000984568484730088,45
ho_completion,6,adjacent_pointwise,0.005,40,TRUE,1,-0.0036124756277012,1
ho_completion,6,adjacent_simultaneous,0.005,40,TRUE,1,-0.0025249966528859,9
ho_completion,6,total_gain,0.005,40,TRUE,6,0.000984568484730088,45
ho_reconstruction,7,adjacent_pointwise,0.01,40,TRUE,1,0.00786490030943984,1
ho_reconstruction,7,adjacent_simultaneous,0.01,40,TRUE,1,0.00814024015237103,9
ho_reconstruction,7,total_gain,0.01,50,TRUE,5,0.00456665911589697,45
ho_reconstruction,7,adjacent_pointwise,0.005,50,TRUE,1,-0.000425427796225305,1
ho_reconstruction,7,adjacent_simultaneous,0.005,50,TRUE,1,-0.000203964912116912,9
ho_reconstruction,7,total_gain,0.005,50,TRUE,5,0.00456665911589697,45
ho_completion,7,adjacent_pointwise,0.01,40,TRUE,1,0.00796738104862328,1
ho_completion,7,adjacent_simultaneous,0.01,40,TRUE,1,0.0093717933403383,9
ho_completion,7,total_gain,0.01,50,TRUE,5,0.00386769005187302,45
ho_completion,7,adjacent_pointwise,0.005,50,TRUE,1,-0.00226838758899834,1
ho_completion,7,adjacent_simultaneous,0.005,50,TRUE,1,-0.000948214251476143,9
ho_completion,7,total_gain,0.005,50,TRUE,5,0.00386769005187302,45
ho_reconstruction,8,adjacent_pointwise,0.01,40,TRUE,1,0.0043741710339144,1
ho_reconstruction,8,adjacent_simultaneous,0.01,40,TRUE,1,0.0047517601488663,9
ho_reconstruction,8,total_gain,0.01,50,TRUE,5,0.00879085650399846,45
ho_reconstruction,8,adjacent_pointwise,0.005,40,TRUE,1,0.0043741710339144,1
ho_reconstruction,8,adjacent_simultaneous,0.005,40,TRUE,1,0.0047517601488663,9
ho_reconstruction,8,total_gain,0.005,60,TRUE,4,0.00433729133205718,45
ho_completion,8,adjacent_pointwise,0.01,40,TRUE,1,-0.013573030389554,1
ho_completion,8,adjacent_simultaneous,0.01,40,TRUE,1,-0.011384613361042,9
ho_completion,8,total_gain,0.01,40,TRUE,6,0.00065394258697574,45
ho_completion,8,adjacent_pointwise,0.005,40,TRUE,1,-0.013573030389554,1
ho_completion,8,adjacent_simultaneous,0.005,40,TRUE,1,-0.011384613361042,9
ho_completion,8,total_gain,0.005,40,TRUE,6,0.00065394258697574,45
ho_reconstruction,9,adjacent_pointwise,0.01,40,TRUE,1,0.00105415287794953,1
ho_reconstruction,9,adjacent_simultaneous,0.01,40,TRUE,1,0.00127555316837048,9
ho_reconstruction,9,total_gain,0.01,40,TRUE,6,0.0069276761886962,45
ho_reconstruction,9,adjacent_pointwise,0.005,40,TRUE,1,0.00105415287794953,1
ho_reconstruction,9,adjacent_simultaneous,0.005,40,TRUE,1,0.00127555316837048,9
ho_reconstruction,9,total_gain,0.005,70,TRUE,3,0.00264578089612019,45
ho_completion,9,adjacent_pointwise,0.01,40,TRUE,1,0.00163897364140787,1
ho_completion,9,adjacent_simultaneous,0.01,40,TRUE,1,0.00270048210342408,9
ho_completion,9,total_gain,0.01,40,TRUE,6,0.00331723409633492,45
ho_completion,9,adjacent_pointwise,0.005,40,TRUE,1,0.00163897364140787,1
ho_completion,9,adjacent_simultaneous,0.005,40,TRUE,1,0.00270048210342408,9
ho_completion,9,total_gain,0.005,40,TRUE,6,0.00331723409633492,45
ho_reconstruction,10,adjacent_pointwise,0.01,40,TRUE,1,0.0064477272525086,1
ho_reconstruction,10,adjacent_simultaneous,0.01,40,TRUE,1,0.00669915972640678,9
ho_reconstruction,10,total_gain,0.01,50,TRUE,5,0.00592727226018469,45
ho_reconstruction,10,adjacent_pointwise,0.005,50,TRUE,1,0.0010615573144307,1
ho_reconstruction,10,adjacent_simultaneous,0.005,50,TRUE,1,0.00122801715198625,9
ho_reconstruction,10,total_gain,0.005,80,TRUE,2,0.00276515576428078,45
ho_completion,10,adjacent_pointwise,0.01,40,TRUE,1,0.00160087346680713,1
ho_completion,10,adjacent_simultaneous,0.01,40,TRUE,1,0.00275375861407538,9
ho_completion,10,total_gain,0.01,40,TRUE,6,0.00527972567769893,45
ho_completion,10,adjacent_pointwise,0.005,40,TRUE,1,0.00160087346680713,1
ho_completion,10,adjacent_simultaneous,0.005,40,TRUE,1,0.00275375861407538,9
ho_completion,10,total_gain,0.005,60,TRUE,4,0.00272312776817957,45
