K,metric,r2_micro_word,r2_macro_word,gap,n_words
10,dev,0.208779347814808,0.126050560707365,0.0827287871074426,17047
20,dev,0.282910489541284,0.175305263048929,0.107605226492355,17047
30,dev,0.317590157223078,0.194704031126753,0.122886126096326,17047
40,dev,0.338880476265981,0.20957824989277,0.129302226373211,17047
50,dev,0.353139456648759,0.220354696538208,0.132784760110551,17047
60,dev,0.368732193653403,0.234321063063006,0.134411130590397,17047
70,dev,0.38595603321479,0.24630521048881,0.13965082272598,17047
80,dev,0.394324661155804,0.250469228124164,0.14385543303164,17047
90,dev,0.400609146336161,0.255320598399764,0.145288547936397,17047
100,dev,0.412709099742896,0.265160459253788,0.147548640489109,17047
110,dev,0.421508609994993,0.267595602533238,0.153913007461756,17047
120,dev,0.427753776830741,0.273447505165115,0.154306271665626,17047
130,dev,0.433269932059977,0.279067204002494,0.154202728057483,17047
140,dev,0.440567345964593,0.281553699089175,0.159013646875418,17047
150,dev,0.445549172912171,0.286483110980811,0.15906606193136,17047
160,dev,0.44635278075668,0.286238752734642,0.160114028022038,17047
170,dev,0.455552356958859,0.293856009827673,0.161696347131186,17047
180,dev,0.459996653312064,0.294387235541922,0.165609417770142,17047
190,dev,0.463553699918481,0.298680264076047,0.164873435842434,17047
200,dev,0.466088856820054,0.298612553408999,0.167476303411056,17047
