experiment,scenario,replicate,dgp_seed,split_seed,fit_seed_base,eval_seed
E1,base,1,1970101,2020122,2071016,2177922
E1,base,2,1970202,2020223,2072029,2185841
E2,base,1,1970101,2020122,2071016,2177922
E3,A,1,2970101,3020122,3071016,3177922
E3,B,1,3970101,4020122,4071016,4177922
E3,C,1,4970101,5020122,5071016,5177922
E4,null,1,1970101,2020122,2071016,2177922
E5,base,1,1970101,2020122,2071016,2177922
E1,base,3,1970303,2020324,2073042,2193760
E2,base,2,1970202,2020223,2072029,2185841
E3,A,2,2970202,3020223,3072029,3185841
E3,B,2,3970202,4020223,4072029,4185841
E3,C,2,4970202,5020223,5072029,5185841
E4,null,2,1970202,2020223,2072029,2185841
E1,base,4,1970404,2020425,2074055,2201679
E1,base,5,1970505,2020526,2075068,2209598
E1,base,6,1970606,2020627,2076081,2217517
E1,base,7,1970707,2020728,2077094,2225436
E1,base,8,1970808,2020829,2078107,2233355
E1,base,9,1970909,2020930,2079120,2241274
E1,base,10,1971010,2021031,2080133,2249193
E1,base,11,1971111,2021132,2081146,2257112
E1,base,12,1971212,2021233,2082159,2265031
E1,base,13,1971313,2021334,2083172,2272950
E1,base,14,1971414,2021435,2084185,2280869
E1,base,15,1971515,2021536,2085198,2288788
E1,base,16,1971616,2021637,2086211,2296707
E1,base,17,1971717,2021738,2087224,2304626
E1,base,18,1971818,2021839,2088237,2312545
E1,base,19,1971919,2021940,2089250,2320464
E1,base,20,1972020,2022041,2090263,2328383
E1,base,21,1972121,2022142,2091276,2336302
E1,base,22,1972222,2022243,2092289,2344221
E1,base,23,1972323,2022344,2093302,2352140
E1,base,24,1972424,2022445,2094315,2360059
E1,base,25,1972525,2022546,2095328,2367978
E1,base,26,1972626,2022647,2096341,2375897
E1,base,27,1972727,2022748,2097354,2383816
E1,base,28,1972828,2022849,2098367,2391735
E1,base,29,1972929,2022950,2099380,2399654
E1,base,30,1973030,2023051,2100393,2407573
E1,base,31,1973131,2023152,2101406,2415492
E1,base,32,1973232,2023253,2102419,2423411
E1,base,33,1973333,2023354,2103432,2431330
E1,base,34,1973434,2023455,2104445,2439249
E1,base,35,1973535,2023556,2105458,2447168
E1,base,36,1973636,2023657,2106471,2455087
E1,base,37,1973737,2023758,2107484,2463006
E1,base,38,1973838,2023859,2108497,2470925
E1,base,39,1973939,2023960,2109510,2478844
E1,base,40,1974040,2024061,2110523,2486763
E1,base,41,1974141,2024162,2111536,2494682
E1,base,42,1974242,2024263,2112549,2502601
E1,base,43,1974343,2024364,2113562,2510520
E1,base,44,1974444,2024465,2114575,2518439
E1,base,45,1974545,2024566,2115588,2526358
E1,base,46,1974646,2024667,2116601,2534277
E1,base,47,1974747,2024768,2117614,2542196
E1,base,48,1974848,2024869,2118627,2550115
E1,base,49,1974949,2024970,2119640,2558034
E1,base,50,1975050,2025071,2120653,2565953
E6,W1,1,2970101,3020122,3071016,3177922
E6,W2,1,3970101,4020122,4071016,4177922
E2,base,3,1970303,2020324,2073042,2193760
E3,A,3,2970303,3020324,3073042,3193760
E3,B,3,3970303,4020324,4073042,4193760
E3,C,3,4970303,5020324,5073042,5193760
E4,null,3,1970303,2020324,2073042,2193760
E6,W1,2,2970202,3020223,3072029,3185841
E6,W1,3,2970303,3020324,3073042,3193760
E6,W2,2,3970202,4020223,4072029,4185841
E6,W2,3,3970303,4020324,4073042,4193760
E2,base,4,1970404,2020425,2074055,2201679
E2,base,5,1970505,2020526,2075068,2209598
E2,base,6,1970606,2020627,2076081,2217517
E2,base,7,1970707,2020728,2077094,2225436
E2,base,8,1970808,2020829,2078107,2233355
E2,base,9,1970909,2020930,2079120,2241274
E2,base,10,1971010,2021031,2080133,2249193
E3,A,4,2970404,3020425,3074055,3201679
E3,A,5,2970505,3020526,3075068,3209598
E3,A,6,2970606,3020627,3076081,3217517
E3,A,7,2970707,3020728,3077094,3225436
E3,A,8,2970808,3020829,3078107,3233355
E3,A,9,2970909,3020930,3079120,3241274
E3,A,10,2971010,3021031,3080133,3249193
E3,B,4,3970404,4020425,4074055,4201679
E3,B,5,3970505,4020526,4075068,4209598
E3,B,6,3970606,4020627,4076081,4217517
E3,B,7,3970707,4020728,4077094,4225436
E3,B,8,3970808,4020829,4078107,4233355
E3,B,9,3970909,4020930,4079120,4241274
E3,B,10,3971010,4021031,4080133,4249193
E3,C,4,4970404,5020425,5074055,5201679
E3,C,5,4970505,5020526,5075068,5209598
E3,C,6,4970606,5020627,5076081,5217517
E3,C,7,4970707,5020728,5077094,5225436
E3,C,8,4970808,5020829,5078107,5233355
E3,C,9,4970909,5020930,5079120,5241274
E3,C,10,4971010,5021031,5080133,5249193
E4,null,4,1970404,2020425,2074055,2201679
E4,null,5,1970505,2020526,2075068,2209598
E4,null,6,1970606,2020627,2076081,2217517
E4,null,7,1970707,2020728,2077094,2225436
E4,null,8,1970808,2020829,2078107,2233355
E4,null,9,1970909,2020930,2079120,2241274
E4,null,10,1971010,2021031,2080133,2249193
E6,W1,4,2970404,3020425,3074055,3201679
E6,W1,5,2970505,3020526,3075068,3209598
E6,W1,6,2970606,3020627,3076081,3217517
E6,W1,7,2970707,3020728,3077094,3225436
E6,W1,8,2970808,3020829,3078107,3233355
E6,W1,9,2970909,3020930,3079120,3241274
E6,W1,10,2971010,3021031,3080133,3249193
E6,W2,4,3970404,4020425,4074055,4201679
E6,W2,5,3970505,4020526,4075068,4209598
E6,W2,6,3970606,4020627,4076081,4217517
E6,W2,7,3970707,4020728,4077094,4225436
E6,W2,8,3970808,4020829,4078107,4233355
E6,W2,9,3970909,4020930,4079120,4241274
E6,W2,10,3971010,4021031,4080133,4249193
