eval,replicate,eps,pointwise,sim_adjacent,total_gain_lower_bound
ho_completion,1,0.005,40,40,40
ho_completion,1,0.01,40,40,40
ho_completion,2,0.005,40,40,40
ho_completion,2,0.01,40,40,40
ho_completion,3,0.005,40,40,40
ho_completion,3,0.01,40,40,40
ho_completion,4,0.005,40,50,50
ho_completion,4,0.01,40,40,40
ho_completion,5,0.005,40,40,40
ho_completion,5,0.01,40,40,40
ho_completion,6,0.005,40,40,40
ho_completion,6,0.01,40,40,40
ho_completion,7,0.005,50,50,50
ho_completion,7,0.01,40,40,50
ho_completion,8,0.005,40,40,40
ho_completion,8,0.01,40,40,40
ho_completion,9,0.005,40,40,40
ho_completion,9,0.01,40,40,40
ho_completion,10,0.005,40,40,40
ho_completion,10,0.01,40,40,40
ho_reconstruction,1,0.005,40,40,50
ho_reconstruction,1,0.01,40,40,40
ho_reconstruction,2,0.005,40,40,80
ho_reconstruction,2,0.01,40,40,40
ho_reconstruction,3,0.005,50,50,70
ho_reconstruction,3,0.01,40,40,50
ho_reconstruction,4,0.005,50,50,50
ho_reconstruction,4,0.01,40,40,50
ho_reconstruction,5,0.005,50,50,50
ho_reconstruction,5,0.01,50,50,50
ho_reconstruction,6,0.005,40,40,50
ho_reconstruction,6,0.01,40,40,40
ho_reconstruction,7,0.005,50,50,50
ho_reconstruction,7,0.01,40,40,50
ho_reconstruction,8,0.005,40,40,60
ho_reconstruction,8,0.01,40,40,50
ho_reconstruction,9,0.005,40,40,60
ho_reconstruction,9,0.01,40,40,40
ho_reconstruction,10,0.005,50,50,60
ho_reconstruction,10,0.01,40,40,50
