source,protocol,floor,K,r2_micro,r2_macro,log_score_per_token,perplexity,excluded_share,n_docs,n_floor_cells,token_share_floor
E1_Kstar20_W10000,com,1e-14,5,0.0464686252907783,0.0461645061992422,-7.78613755366186,2407.00268592175,0,5000,1662,0.00133233408277125
E1_Kstar20_W10000,com,1e-14,10,0.0924464974488999,0.0919935389293336,-7.66652854239818,2135.65472710021,0,5000,2745,0.00220427627996951
E1_Kstar20_W10000,com,1e-14,15,0.127331561476764,0.126783493103598,-7.57577688686499,1950.3748948819,0,5000,4349,0.00349337355957391
E1_Kstar20_W10000,com,1e-14,20,0.162762727070165,0.16215121323805,-7.48360457689007,1778.64048126245,0,5000,5613,0.00451344184169565
E1_Kstar20_W10000,com,1e-14,25,0.149737285198151,0.149165531308826,-7.51748957744479,1839.94245828859,0,5000,6260,0.00503388484277817
E1_Kstar20_W10000,com,1e-14,30,0.140989146031193,0.140429453568354,-7.54024740043754,1882.29564832961,0,5000,7062,0.00569124438722241
E1_Kstar20_W10000,com,1e-14,35,0.134647238941756,0.134133638203899,-7.55674553749539,1913.60760416222,0,5000,7704,0.00619807580212277
E1_Kstar20_W10000,com,1e-14,40,0.127945216675324,0.127396696458312,-7.57418049520718,1947.26381658053,0,5000,8560,0.0068850605635517
E1_Kstar20_W10000,com,1e-14,45,0.121734142094491,0.121268259436124,-7.59033827838914,1978.98284765896,0,5000,8955,0.00720373181652222
E1_Kstar20_W10000,com,1e-14,50,0.11703129572576,0.116572984627887,-7.60257248536494,2003.34284218517,0,5000,9385,0.00756003510187872
E1_Kstar20_W10000,com,1e-12,5,0.0466166173549557,0.0463025945210572,-7.78000139097469,2392.27814813342,0,5000,1662,0.00133233408277125
E1_Kstar20_W10000,com,1e-12,10,0.0942740651383767,0.0937864256407493,-7.65631053998886,2113.94371245242,0,5000,2782,0.00223390149695421
E1_Kstar20_W10000,com,1e-12,15,0.13152851551482,0.130927581759159,-7.55961978367701,1919.11569552487,0,5000,4386,0.00352299877655861
E1_Kstar20_W10000,com,1e-12,20,0.168868329520406,0.168189196833028,-7.46270747332853,1741.85771213722,0,5000,5674,0.0045622834156434
E1_Kstar20_W10000,com,1e-12,25,0.156813272005237,0.156172011040966,-7.49399534945468,1797.21828167627,0,5000,6423,0.00516599729689912
E1_Kstar20_W10000,com,1e-12,30,0.149223943678664,0.148590758240054,-7.51369280541979,1832.96986129207,0,5000,7245,0.00583937047214589
E1_Kstar20_W10000,com,1e-12,35,0.143802716631469,0.143202475902372,-7.52776313897821,1858.94265307088,0,5000,7930,0.00638223255635197
E1_Kstar20_W10000,com,1e-12,40,0.138341769227206,0.137717267717882,-7.54193656334393,1885.47783918035,0,5000,8850,0.00711885957326877
E1_Kstar20_W10000,com,1e-12,45,0.132718289114714,0.132157877767797,-7.55653182752543,1913.19869083458,0,5000,9298,0.00748316967402653
E1_Kstar20_W10000,com,1e-12,50,0.128680097187687,0.128120813753398,-7.56701261109925,1933.35595971591,0,5000,9788,0.00788671317025052
E1_Kstar20_W10000,com,1e-10,5,0.0467665464574654,0.0464438392418704,-7.77386230989993,2377.63674698712,0,5000,1663,0.00133313476431138
E1_Kstar20_W10000,com,1e-10,10,0.0961619324503933,0.0956424661634757,-7.64595874364604,2092.17347261282,0,5000,2817,0.00226192535085865
E1_Kstar20_W10000,com,1e-10,15,0.135803583523725,0.135152303639179,-7.54331133149311,1888.07171664117,0,5000,4432,0.00355983012740445
E1_Kstar20_W10000,com,1e-10,20,0.175088967626487,0.174344816927005,-7.44158643093022,1705.45366061102,0,5000,5732,0.00460872294497076
E1_Kstar20_W10000,com,1e-10,25,0.164145978282894,0.163437690063225,-7.46992202006244,1754.46986678999,0,5000,6570,0.00528449816483791
E1_Kstar20_W10000,com,1e-10,30,0.157780724919124,0.157074192525232,-7.48640409807376,1783.62679936286,0,5000,7448,0.00600351018787192
E1_Kstar20_W10000,com,1e-10,35,0.153344224560969,0.152658231812714,-7.49789189609557,1804.23488792363,0,5000,8180,0.00658560566754421
E1_Kstar20_W10000,com,1e-10,40,0.149215935150601,0.148511619391126,-7.50858161796937,1823.6251104703,0,5000,9148,0.00735986471684698
E1_Kstar20_W10000,com,1e-10,45,0.144272559902067,0.143616147046373,-7.52138190914855,1847.11808054371,0,5000,9669,0.00778102320695376
E1_Kstar20_W10000,com,1e-10,50,0.140994205067543,0.140333554435147,-7.52987082499267,1862.86485243282,0,5000,10228,0.00824061441098663
E1_Kstar20_W10000,rec,1e-14,5,0.0647396121251335,0.0640744140873514,-7.77375212635719,2377.37478497919,0,5000,3298,0.0013204
E1_Kstar20_W10000,rec,1e-14,10,0.138635545782474,0.137443992017364,-7.62051799124179,2039.61836068583,0,5000,3298,0.0013204
E1_Kstar20_W10000,rec,1e-14,15,0.201348438247227,0.199866036391044,-7.49047354411457,1790.89996121247,0,5000,3298,0.0013204
E1_Kstar20_W10000,rec,1e-14,20,0.262654864501829,0.260902773282548,-7.36334561245189,1577.10412563335,0,5000,3298,0.0013204
E1_Kstar20_W10000,rec,1e-14,25,0.259547689899471,0.257833906474508,-7.36978879801406,1587.29850704325,0,5000,3298,0.0013204
E1_Kstar20_W10000,rec,1e-14,30,0.262245270743152,0.260526101753024,-7.36419496561996,1578.44421304202,0,5000,3298,0.0013204
E1_Kstar20_W10000,rec,1e-14,35,0.266035284939728,0.264305316552522,-7.35633581128299,1566.08759624051,0,5000,3298,0.0013204
E1_Kstar20_W10000,rec,1e-14,40,0.271253209319923,0.269511496363176,-7.34551567423452,1549.23365920495,0,5000,3298,0.0013204
E1_Kstar20_W10000,rec,1e-14,45,0.273085898384714,0.271344901320675,-7.34171532271475,1543.35720009152,0,5000,3298,0.0013204
E1_Kstar20_W10000,rec,1e-14,50,0.276145550807024,0.274397527782208,-7.33537068141339,1533.59615018107,0,5000,3298,0.0013204
E1_Kstar20_W10000,rec,1e-12,5,0.0649300103688463,0.0642510437825144,-7.76767146160046,2362.96262806475,0,5000,3298,0.0013204
E1_Kstar20_W10000,rec,1e-12,10,0.139043271053692,0.137829084792368,-7.61443732458009,2027.2537519474,0,5000,3298,0.0013204
E1_Kstar20_W10000,rec,1e-12,15,0.201940601170023,0.200425146004466,-7.484392876229,1780.04313516096,0,5000,3298,0.0013204
E1_Kstar20_W10000,rec,1e-12,20,0.263427328466383,0.261633203633117,-7.35726494381309,1567.54337537231,0,5000,3298,0.0013204
E1_Kstar20_W10000,rec,1e-12,25,0.260311015137573,0.258555347937978,-7.36370813062222,1577.67595817898,0,5000,3298,0.0013204
E1_Kstar20_W10000,rec,1e-12,30,0.263016529248905,0.261255731747684,-7.3581142987463,1568.87534164718,0,5000,3298,0.0013204
E1_Kstar20_W10000,rec,1e-12,35,0.266817689530974,0.265045438028287,-7.35025514493068,1556.59363415005,0,5000,3298,0.0013204
E1_Kstar20_W10000,rec,1e-12,40,0.272050959532196,0.270265902196113,-7.33943500822339,1539.84186985531,0,5000,3298,0.0013204
E1_Kstar20_W10000,rec,1e-12,45,0.273889038217981,0.272104236565513,-7.33563465726609,1534.0010359702,0,5000,3298,0.0013204
E1_Kstar20_W10000,rec,1e-12,50,0.276957688896328,0.275165950526666,-7.3292900161834,1524.29915998229,0,5000,3298,0.0013204
E1_Kstar20_W10000,rec,1e-10,5,0.0651215862119701,0.0644302311753158,-7.76159099058621,2348.63829577408,0,5000,3298,0.0013204
E1_Kstar20_W10000,rec,1e-10,10,0.139453535682136,0.138219801759491,-7.6083566630824,2014.96411055338,0,5000,3298,0.0013204
E1_Kstar20_W10000,rec,1e-10,15,0.202536440264075,0.200992419986356,-7.47831209234934,1769.25192033339,0,5000,3298,0.0013204
E1_Kstar20_W10000,rec,1e-10,20,0.264204558637953,0.262374268920733,-7.35118408461101,1558.04028756581,0,5000,3298,0.0013204
E1_Kstar20_W10000,rec,1e-10,25,0.261078993287903,0.259287232856286,-7.35762739610626,1568.11163804118,0,5000,3298,0.0013204
E1_Kstar20_W10000,rec,1e-10,30,0.263792462152657,0.26199590318002,-7.35203361604727,1559.36445415,0,5000,3298,0.0013204
E1_Kstar20_W10000,rec,1e-10,35,0.267604808633532,0.265796221454205,-7.34417451436389,1547.15728187921,0,5000,3298,0.0013204
E1_Kstar20_W10000,rec,1e-10,40,0.272853497566896,0.271031154436112,-7.33335441177392,1530.50712202759,0,5000,3298,0.0013204
E1_Kstar20_W10000,rec,1e-10,45,0.274696970365476,0.272874463767495,-7.32955411706114,1524.70178189244,0,5000,3298,0.0013204
E1_Kstar20_W10000,rec,1e-10,50,0.277774661393134,0.2759453870644,-7.32320949784625,1515.05875269192,0,5000,3298,0.0013204
E1_Kstar40_W5000,com,1e-14,10,0.0650633356310504,0.0644762241851737,-7.53449208477809,1871.49355724809,0,5000,652,0.000262023372484826
E1_Kstar40_W5000,com,1e-14,20,0.126936210526776,0.125987529596755,-7.41963086673543,1668.41752565409,0,5000,1326,0.000533647601366042
E1_Kstar40_W5000,com,1e-14,30,0.178317247484268,0.177145818420098,-7.32424676668872,1516.63109125852,0,5000,1802,0.000723664550877938
E1_Kstar40_W5000,com,1e-14,40,0.228956829181012,0.227570687760664,-7.23023910913826,1380.55256735961,0,5000,2247,0.000903680608310261
E1_Kstar40_W5000,com,1e-14,50,0.223012459528452,0.221637451876137,-7.24127427664807,1395.8715645913,0,5000,2617,0.00105569416791978
E1_Kstar40_W5000,com,1e-14,60,0.218183053810853,0.216801269668979,-7.25023961766514,1408.44229542824,0,5000,2751,0.00110769880673356
E1_Kstar40_W5000,com,1e-14,70,0.213291882265571,0.211919319021488,-7.2593196211771,1421.28919309008,0,5000,2929,0.00118050530107286
E1_Kstar40_W5000,com,1e-14,80,0.209069659606268,0.207673044886519,-7.26715778351094,1432.47326252536,0,5000,3259,0.00131411721925596
E1_Kstar40_W5000,com,1e-14,90,0.204642808017161,0.203249213328371,-7.27537582035623,1444.29388520653,0,5000,3470,0.00140412524797212
E1_Kstar40_W5000,com,1e-14,100,0.198643565096306,0.197251634668938,-7.2865128549677,1460.46894008111,0,5000,3578,0.00144492888765678
E1_Kstar40_W5000,com,1e-12,10,0.0652815999329997,0.0646904918311534,-7.53325863100267,1869.1865795219,0,5000,678,0.000272424300247582
E1_Kstar40_W5000,com,1e-12,20,0.127857389609594,0.126901649623174,-7.41714796651152,1664.28014987721,0,5000,1352,0.000544048529128798
E1_Kstar40_W5000,com,1e-12,30,0.179750153804173,0.178567118751107,-7.32085987547737,1511.50311559445,0,5000,1861,0.000748066727552098
E1_Kstar40_W5000,com,1e-12,40,0.230870819724512,0.229469721891339,-7.22600442866772,1374.71872930205,0,5000,2312,0.000930082963400335
E1_Kstar40_W5000,com,1e-12,50,0.225337540283952,0.223944448150402,-7.2362715424505,1388.90582857042,0,5000,2769,0.00111729966312995
E1_Kstar40_W5000,com,1e-12,60,0.220660351074075,0.219257276753578,-7.24495016320648,1401.01207228615,0,5000,2955,0.00119050619315243
E1_Kstar40_W5000,com,1e-12,70,0.215960870581934,0.2145669188241,-7.25367014589508,1413.28229361151,0,5000,3148,0.0012685131513731
E1_Kstar40_W5000,com,1e-12,80,0.212098781854949,0.210682259741131,-7.26083633094416,1423.44651189074,0,5000,3556,0.00143492799557721
E1_Kstar40_W5000,com,1e-12,90,0.207918341518461,0.206498034964838,-7.26859322395092,1434.53096907985,0,5000,3799,0.00153853723752159
E1_Kstar40_W5000,com,1e-12,100,0.202017753810102,0.200603021807624,-7.27954188577758,1450.32345909878,0,5000,3917,0.00158174109130534
E1_Kstar40_W5000,com,1e-10,10,0.0655220613615858,0.0649271218495554,-7.53198443522712,1866.80638661647,0,5000,699,0.000280825049594424
E1_Kstar40_W5000,com,1e-10,20,0.128818179379543,0.127855759387832,-7.41459327159853,1660.03384815667,0,5000,1404,0.000565250420337494
E1_Kstar40_W5000,com,1e-10,30,0.181253990575546,0.180059656617554,-7.31734400758584,1506.19820147566,0,5000,1939,0.000779269510840367
E1_Kstar40_W5000,com,1e-10,40,0.232853531361988,0.231438570409942,-7.22164571951858,1368.73976993745,0,5000,2386,0.000960085639639056
E1_Kstar40_W5000,com,1e-10,50,0.22782093967632,0.226409532432051,-7.23097933763841,1381.57487003803,0,5000,2912,0.00117530483719148
E1_Kstar40_W5000,com,1e-10,60,0.223368089075258,0.221944352012587,-7.23923774794686,1393.03172477595,0,5000,3215,0.00129771575624546
E1_Kstar40_W5000,com,1e-10,70,0.21885467217689,0.217439094229991,-7.24760848659927,1404.74137009513,0,5000,3384,0.00136492175102019
E1_Kstar40_W5000,com,1e-10,80,0.215445585681551,0.214008085395516,-7.25393109599664,1413.65113789245,0,5000,3873,0.00156333944987893
E1_Kstar40_W5000,com,1e-10,90,0.211552517048558,0.210105431007481,-7.2611513153596,1423.89494597936,0,5000,4186,0.00169695136806203
E1_Kstar40_W5000,com,1e-10,100,0.205759507675351,0.204322018418582,-7.27189523035038,1439.27562865711,0,5000,4313,0.00174255543594489
E1_Kstar40_W5000,rec,1e-14,10,0.0950594420680376,0.0939516121445232,-7.51929211722232,1843.26201867903,0,5000,920,0.000184
E1_Kstar40_W5000,rec,1e-14,20,0.189762101372674,0.187961467428089,-7.3836465085474,1609.44794608462,0,5000,920,0.000184
E1_Kstar40_W5000,rec,1e-14,30,0.268627728699541,0.266432938600198,-7.27068478074765,1437.53451202374,0,5000,920,0.000184
E1_Kstar40_W5000,rec,1e-14,40,0.345974616221533,0.343427835063538,-7.15989839191687,1286.78017899576,0,5000,920,0.000184
E1_Kstar40_W5000,rec,1e-14,50,0.34972523788946,0.347167391574066,-7.15452625809518,1279.88595859289,0,5000,920,0.000184
E1_Kstar40_W5000,rec,1e-14,60,0.352970059332695,0.350413244644491,-7.14987859790337,1273.95128542797,0,5000,920,0.000184
E1_Kstar40_W5000,rec,1e-14,70,0.354739757382649,0.352208112780588,-7.14734380351722,1270.72617009039,0,5000,920,0.000184
E1_Kstar40_W5000,rec,1e-14,80,0.359678269810265,0.357125267024725,-7.14027021625884,1261.7692936153,0,5000,920,0.000184
E1_Kstar40_W5000,rec,1e-14,90,0.363482949519493,0.360934294026363,-7.13482065339797,1254.91190439138,0,5000,920,0.000184
E1_Kstar40_W5000,rec,1e-14,100,0.362251380077228,0.359745589365737,-7.13658466919063,1257.12754244483,0,5000,920,0.000184
E1_Kstar40_W5000,rec,1e-12,10,0.0951157120876968,0.0940047283595294,-7.51844476538508,1841.70078876992,0,5000,920,0.000184
E1_Kstar40_W5000,rec,1e-12,20,0.189874430024255,0.188068648888878,-7.38279915604637,1608.08475397592,0,5000,920,0.000184
E1_Kstar40_W5000,rec,1e-12,30,0.268786741060675,0.266585586520323,-7.26983742811306,1436.31692930148,0,5000,920,0.000184
E1_Kstar40_W5000,rec,1e-12,40,0.346179413237938,0.343623874253443,-7.15905103922518,1285.69028417535,0,5000,920,0.000184
E1_Kstar40_W5000,rec,1e-12,50,0.349932254865122,0.3473654768485,-7.15367890565948,1278.8019034617,0,5000,920,0.000184
E1_Kstar40_W5000,rec,1e-12,60,0.353178996761432,0.350613554999874,-7.14903124587177,1272.87225744094,0,5000,920,0.000184
E1_Kstar40_W5000,rec,1e-12,70,0.354949742259607,0.352409363437698,-7.14649645163525,1269.64987394388,0,5000,920,0.000184
E1_Kstar40_W5000,rec,1e-12,80,0.35989117780623,0.357329091859914,-7.13942286463106,1260.70058420074,0,5000,920,0.000184
E1_Kstar40_W5000,rec,1e-12,90,0.363698109563959,0.36114049351988,-7.13397330189708,1253.84900329472,0,5000,920,0.000184
E1_Kstar40_W5000,rec,1e-12,100,0.362465811035534,0.35995115929256,-7.13573731779362,1256.06276484963,0,5000,920,0.000184
E1_Kstar40_W5000,rec,1e-10,10,0.0951721111677797,0.0940582976996732,-7.51759736178273,1840.14078595642,0,5000,920,0.000184
E1_Kstar40_W5000,rec,1e-10,20,0.189986997322665,0.188176727820034,-7.38195168607372,1606.72252773789,0,5000,920,0.000184
E1_Kstar40_W5000,rec,1e-10,30,0.268946054326154,0.266739475492646,-7.26898994478038,1435.10019029928,0,5000,920,0.000184
E1_Kstar40_W5000,rec,1e-10,40,0.346384567100863,0.343821477406784,-7.15820355018336,1284.60113733353,0,5000,920,0.000184
E1_Kstar40_W5000,rec,1e-10,50,0.350139613495943,0.347565123303269,-7.15283144221342,1277.71862467818,0,5000,920,0.000184
E1_Kstar40_W5000,rec,1e-10,60,0.353388250065465,0.350815415120873,-7.14818382283131,1271.79405307456,0,5000,920,0.000184
E1_Kstar40_W5000,rec,1e-10,70,0.355160033848224,0.352612161278763,-7.14564904355596,1268.57441812216,0,5000,920,0.000184
E1_Kstar40_W5000,rec,1e-10,80,0.360104378243824,0.357534465401449,-7.13857548197002,1259.63274088478,0,5000,920,0.000184
E1_Kstar40_W5000,rec,1e-10,90,0.363913555828611,0.36134824955168,-7.13312593192217,1252.78697932342,0,5000,920,0.000184
E1_Kstar40_W5000,rec,1e-10,100,0.362680520198939,0.360158274827135,-7.13488995820479,1254.99887883232,0,5000,920,0.000184
MDNA,com,1e-14,10,0.179737693634829,0.157910014301452,-7.15102067768471,1275.40707058663,0,3466,153,2.21106833325422e-05
MDNA,com,1e-14,20,0.242569771141839,0.22089425506447,-7.07468568000288,1181.67201927991,0,3466,273,3.88498447255402e-05
MDNA,com,1e-14,30,0.27138570110302,0.249047233129858,-7.03967706602638,1141.01907330288,0,3466,307,4.40964475502112e-05
MDNA,com,1e-14,40,0.288844716309079,0.263554306546125,-7.01846602322529,1117.07174068607,0,3466,280,3.90996829552865e-05
MDNA,com,1e-14,50,0.30046381603029,0.274867359227199,-7.00434992225465,1101.41381761917,0,3466,342,4.85935356856436e-05
MDNA,com,1e-14,60,0.31336738063027,0.284139482572157,-6.98867331863261,1084.28202479109,0,3466,374,5.24660282467103e-05
MDNA,com,1e-14,70,0.327200938707725,0.298242139478699,-6.97186686139499,1066.21136256069,0,3466,400,5.68381972672694e-05
MDNA,com,1e-14,80,0.333518728686345,0.303442844741197,-6.96419134750931,1058.05896936966,0,3466,436,6.19598809770674e-05
MDNA,com,1e-14,90,0.338569854295884,0.308465158353277,-6.95805471034891,1051.58592704999,0,3466,415,5.79624693011275e-05
MDNA,com,1e-14,100,0.348181562172086,0.31726494644203,-6.94637739952997,1039.37764997598,0,3466,463,6.50828588488953e-05
MDNA,com,1e-14,110,0.354534521615991,0.323934357312574,-6.93865915808921,1031.38636134376,0,3466,420,6.12103662878286e-05
MDNA,com,1e-14,120,0.359708529621575,0.326355127426674,-6.93237323050598,1024.92347526355,0,3466,433,6.24595574365598e-05
MDNA,com,1e-14,130,0.364103866608894,0.330919822112736,-6.927033314144,1019.46505634888,0,3466,451,6.40835059299104e-05
MDNA,com,1e-14,140,0.369033911535822,0.336647704377744,-6.92104377849597,1013.37718401609,0,3466,468,6.52077779637685e-05
MDNA,com,1e-14,150,0.373307498411121,0.340535213563701,-6.91585177693941,1008.12936323487,0,3466,533,7.45767115792524e-05
MDNA,com,1e-14,160,0.37366724253928,0.340976556488804,-6.91541472204197,1007.6888516303,0,3466,502,7.17035719371707e-05
MDNA,com,1e-14,170,0.380920923487508,0.34637939065206,-6.90660218964872,998.847575218634,0,3466,510,7.15786528222976e-05
MDNA,com,1e-14,180,0.383712260014184,0.350237280807624,-6.90321098127635,995.466011992339,0,3466,492,6.85805940653427e-05
MDNA,com,1e-14,190,0.386776243715717,0.353160781824847,-6.89948853252036,991.767329124023,0,3466,511,7.23281675115363e-05
MDNA,com,1e-14,200,0.388182172960151,0.354879186492219,-6.89778046221814,990.074766721727,0,3466,525,7.49514689238718e-05
MDNA,com,1e-12,10,0.179837537950012,0.158036445247825,-7.15089937634366,1275.25237138138,0,3466,211,3.01055066844218e-05
MDNA,com,1e-12,20,0.242742794383716,0.221140212908836,-7.07447547322621,1181.42364991904,0,3466,357,5.14666753277253e-05
MDNA,com,1e-12,30,0.271572584738048,0.249310959879053,-7.0394500201902,1140.76003908072,0,3466,378,5.38401385103146e-05
MDNA,com,1e-12,40,0.28901354832263,0.263785985237398,-7.01826090839208,1116.84263619946,0,3466,362,4.99676459492479e-05
MDNA,com,1e-12,50,0.300671739854398,0.275162451519802,-7.00409731458991,1101.13562718479,0,3466,429,6.08356089432093e-05
MDNA,com,1e-12,60,0.313593303852428,0.28445844608177,-6.98839884341125,1083.98445708167,0,3466,482,6.7831079376104e-05
MDNA,com,1e-12,70,0.327439111674501,0.298557703180424,-6.97157750389899,1065.90289094206,0,3466,485,6.84556749504696e-05
MDNA,com,1e-12,80,0.333783552573418,0.303831754646956,-6.96386961168009,1057.71860864584,0,3466,548,7.78246085659536e-05
MDNA,com,1e-12,90,0.338811673829819,0.308786389097217,-6.9577609226206,1051.27702938676,0,3466,503,6.97048660992008e-05
MDNA,com,1e-12,100,0.348458117632998,0.317645688781656,-6.94604141095436,1039.02848962008,0,3466,575,8.08226673229084e-05
MDNA,com,1e-12,110,0.354794724257686,0.324289810815058,-6.93834303663344,1031.06036951497,0,3466,520,7.63255791874761e-05
MDNA,com,1e-12,120,0.359970761337994,0.326727742411275,-6.93205464391741,1024.59700039804,0,3466,527,7.60757409577299e-05
MDNA,com,1e-12,130,0.364375382263401,0.331306959751228,-6.92670344845368,1019.12882526291,0,3466,565,7.9323637944431e-05
MDNA,com,1e-12,140,0.369308532524724,0.337040333427732,-6.92071014011973,1013.03913889345,0,3466,582,8.04479099782891e-05
MDNA,com,1e-12,150,0.373620808649148,0.340968316249865,-6.91547113480546,1007.74569974663,0,3466,650,9.11909538573773e-05
MDNA,com,1e-12,160,0.373968230503699,0.341407638493698,-6.91504905029844,1007.32043565475,0,3466,614,8.70686230665644e-05
MDNA,com,1e-12,170,0.381223666243562,0.346820691480739,-6.90623438600019,998.480262989673,0,3466,637,8.8692571559915e-05
MDNA,com,1e-12,180,0.384002488912814,0.350656082224447,-6.90285838077429,995.115072051162,0,3466,604,8.44453216542289e-05
MDNA,com,1e-12,190,0.387087546836291,0.353586592743083,-6.89911032884315,991.392309994494,0,3466,636,9.06912773978849e-05
MDNA,com,1e-12,200,0.388494854616341,0.355318688307002,-6.8974005837513,989.698730065923,0,3466,639,9.01916009383924e-05
MDNA,com,1e-10,10,0.179968187262921,0.158200850912916,-7.15074065034274,1275.04997173578,0,3466,267,3.8600006495794e-05
MDNA,com,1e-10,20,0.242966550255304,0.221447440909492,-7.0742036315752,1181.1025334119,0,3466,464,6.62071308827534e-05
MDNA,com,1e-10,30,0.271805482948431,0.249628813255839,-7.03916707145007,1140.43730812519,0,3466,480,6.79559984909771e-05
MDNA,com,1e-10,40,0.289229979001825,0.264074770103192,-7.01799796612561,1116.54900967051,0,3466,471,6.4708101504276e-05
MDNA,com,1e-10,50,0.300934682869051,0.275528741759918,-7.00377786425307,1100.78392521642,0,3466,541,7.63255791874761e-05
MDNA,com,1e-10,60,0.313884269261929,0.284847149388673,-6.98804534852243,1083.60134183516,0,3466,610,8.5569593688087e-05
MDNA,com,1e-10,70,0.327732030773246,0.298937664547649,-6.97122163545532,1065.52363722537,0,3466,602,8.49449981137214e-05
MDNA,com,1e-10,80,0.334110664902261,0.30429956877909,-6.96347220171048,1057.29834423989,0,3466,666,9.45637699589516e-05
MDNA,com,1e-10,90,0.339107703543264,0.309171424635786,-6.95740127506918,1050.89900815855,0,3466,624,8.61941892624526e-05
MDNA,com,1e-10,100,0.34879816653685,0.318094364784246,-6.94562828426789,1038.5993278782,0,3466,707,9.88110198646377e-05
MDNA,com,1e-10,110,0.355121248758189,0.324726483592983,-6.93794634080688,1030.65143328646,0,3466,663,9.59378802225559e-05
MDNA,com,1e-10,120,0.360287939410163,0.327171460150394,-6.93166930310919,1024.20225742198,0,3466,636,9.05663582830118e-05
MDNA,com,1e-10,130,0.364709978837905,0.331770761781197,-6.92629694581934,1018.71463090196,0,3466,692,9.66873949117946e-05
MDNA,com,1e-10,140,0.369654068869439,0.337524145429141,-6.92029034670219,1012.61396098091,0,3466,738,0.000102058916851339
MDNA,com,1e-10,150,0.37400559625376,0.341485437339485,-6.91500365483812,1007.27470891778,0,3466,786,0.00011092817400733
MDNA,com,1e-10,160,0.374335934538495,0.341917875512587,-6.91460232524322,1006.87054087463,0,3466,761,0.000106431085871898
MDNA,com,1e-10,170,0.381601701116759,0.347351117403045,-6.90577510995467,998.021790213796,0,3466,792,0.000109928821088345
MDNA,com,1e-10,180,0.384365315168882,0.35116478571441,-6.90241758175032,994.676522961777,0,3466,767,0.000107180600561137
MDNA,com,1e-10,190,0.38747801536759,0.354100101044087,-6.89863594708225,990.922123097594,0,3466,803,0.000114425909223778
MDNA,com,1e-10,200,0.388876786885651,0.355837470912394,-6.89693657273592,989.239605480941,0,3466,803,0.000112302284270935
MDNA,rec,1e-14,10,0.206537034793878,0.184592700590641,-7.14822463082366,1271.84595349552,0,3466,0,0
MDNA,rec,1e-14,20,0.279991934232881,0.259755574534525,-7.06948332557802,1175.54050560418,0,3466,0,0
MDNA,rec,1e-14,30,0.314320152709753,0.294527209869909,-7.03268457218964,1133.06833460678,0,3466,0,0
MDNA,rec,1e-14,40,0.335544126545197,0.31312629578911,-7.00993315036389,1107.58046107505,0,3466,0,0
MDNA,rec,1e-14,50,0.34994966397352,0.32781504798611,-6.99449087451118,1090.60827988759,0,3466,0,0
MDNA,rec,1e-14,60,0.365821755769536,0.339895989602311,-6.97747649923409,1072.20922936646,0,3466,0,0
MDNA,rec,1e-14,70,0.382657874687494,0.357504092169861,-6.95942871768383,1053.03180692437,0,3466,0,0
MDNA,rec,1e-14,80,0.391006479550656,0.365142705421795,-6.95047928001629,1043.64980882877,0,3466,0,0
MDNA,rec,1e-14,90,0.397516636350067,0.371900421063983,-6.94350059993293,1036.39186558221,0,3466,0,0
MDNA,rec,1e-14,100,0.409520957469866,0.383528975598772,-6.93063235124185,1023.14075943489,0,3466,0,0
MDNA,rec,1e-14,110,0.418150386330688,0.392967721010452,-6.9213818792214,1013.71986550431,0,3466,0,0
MDNA,rec,1e-14,120,0.424553528540801,0.396502092075033,-6.91451791535853,1006.78555463526,0,3466,0,0
MDNA,rec,1e-14,130,0.430140045367456,0.402364106538844,-6.90852934781482,1000.77436850127,0,3466,0,0
MDNA,rec,1e-14,140,0.437156874088566,0.41086996453279,-6.90100753162006,993.274967564911,0,3466,0,0
MDNA,rec,1e-14,150,0.442375673187952,0.415862722364962,-6.89541314573106,987.73371849736,0,3466,0,0
MDNA,rec,1e-14,160,0.443338795821466,0.417085205529244,-6.89438070904059,986.714472210141,0,3466,0,0
MDNA,rec,1e-14,170,0.452450696432892,0.42437147770367,-6.88461304271893,977.123491494522,0,3466,0,0
MDNA,rec,1e-14,180,0.456732650350352,0.430253780309931,-6.88002292493185,972.648657440486,0,3466,0,0
MDNA,rec,1e-14,190,0.460459333602056,0.433746089409929,-6.87602803955706,968.770788522254,0,3466,0,0
MDNA,rec,1e-14,200,0.462728523269272,0.436686148850117,-6.87359554073654,966.417118532118,0,3466,0,0
MDNA,rec,1e-12,10,0.206537038775525,0.184592702907281,-7.14822462656017,1271.84594807302,0,3466,0,0
MDNA,rec,1e-12,20,0.279991936458131,0.259755575236331,-7.0694833231969,1175.54050280509,0,3466,0,0
MDNA,rec,1e-12,30,0.314320153421966,0.294527209011139,-7.03268457143021,1133.06833374629,0,3466,0,0
MDNA,rec,1e-12,40,0.335544126457239,0.313126294324049,-7.00993315046214,1107.58046118386,0,3466,0,0
MDNA,rec,1e-12,50,0.349949663080444,0.327815045762255,-6.99449087547238,1090.60828093588,0,3466,0,0
MDNA,rec,1e-12,60,0.365821754012464,0.339895986616367,-6.97747650112138,1072.20923139004,0,3466,0,0
MDNA,rec,1e-12,70,0.382657872486702,0.357504088791904,-6.95942872004668,1053.03180941252,0,3466,0,0
MDNA,rec,1e-12,80,0.391006477100278,0.36514270183419,-6.95047928264662,1043.64981157392,0,3466,0,0
MDNA,rec,1e-12,90,0.397516632689687,0.371900416531123,-6.94350060386032,1036.39186965253,0,3466,0,0
MDNA,rec,1e-12,100,0.409520953753669,0.383528970822633,-6.93063235522899,1023.1407635143,0,3466,0,0
MDNA,rec,1e-12,110,0.418150382255482,0.392967716011819,-6.92138188359333,1013.71986993622,0,3466,0,0
MDNA,rec,1e-12,120,0.424553524391093,0.396502087003673,-6.91451791981033,1006.78555911727,0,3466,0,0
MDNA,rec,1e-12,130,0.430140040975787,0.402364101191642,-6.90852935252593,1000.77437321604,0,3466,0,0
MDNA,rec,1e-12,140,0.43715686923393,0.410869958709791,-6.90100753682741,993.274972737241,0,3466,0,0
MDNA,rec,1e-12,150,0.442375668012144,0.415862716380481,-6.89541315128268,987.733723980888,0,3466,0,0
MDNA,rec,1e-12,160,0.44333879058327,0.417085199424156,-6.89438071465908,986.714477753988,0,3466,0,0
MDNA,rec,1e-12,170,0.452450690933417,0.424371471367071,-6.88461304861743,977.123497258082,0,3466,0,0
MDNA,rec,1e-12,180,0.45673264460344,0.430253773840948,-6.8800229310956,972.648663435649,0,3466,0,0
MDNA,rec,1e-12,190,0.460459327751289,0.433746082758481,-6.87602804583208,968.770794601308,0,3466,0,0
MDNA,rec,1e-12,200,0.462728517213895,0.436686141947121,-6.87359554723089,966.417124808375,0,3466,0,0
MDNA,rec,1e-10,10,0.20653743478468,0.184592933115654,-7.14822420252231,1271.8454087623,0,3466,0,0
MDNA,rec,1e-10,20,0.279992157453598,0.259755644332732,-7.0694830867245,1175.54022482224,0,3466,0,0
MDNA,rec,1e-10,30,0.31432022329315,0.294527122229283,-7.03268449693784,1133.06824934135,0,3466,0,0
MDNA,rec,1e-10,40,0.335544116512053,0.313126147020757,-7.00993316151775,1107.58047342884,0,3466,0,0
MDNA,rec,1e-10,50,0.349949572804477,0.327814822704919,-6.99449097263148,1090.6083868984,0,3466,0,0
MDNA,rec,1e-10,60,0.36582157744257,0.339895687426938,-6.97747669077534,1072.20943473878,0,3466,0,0
MDNA,rec,1e-10,70,0.382657651565519,0.357503750427569,-6.95942895723382,1053.03205917816,0,3466,0,0
MDNA,rec,1e-10,80,0.391006231342557,0.365142342579551,-6.9504795464528,1043.65008689523,0,3466,0,0
MDNA,rec,1e-10,90,0.397516266014402,0.371899962807028,-6.94350099728239,1036.39227739204,0,3466,0,0
MDNA,rec,1e-10,100,0.409520581560404,0.383528492807356,-6.93063275455901,1023.1411720852,0,3466,0,0
MDNA,rec,1e-10,110,0.418149974190223,0.392967215751551,-6.92138232137187,1013.72031372112,0,3466,0,0
MDNA,rec,1e-10,120,0.424553108883704,0.396501579482509,-6.91451836556279,1006.78600789451,0,3466,0,0
MDNA,rec,1e-10,130,0.430139601294482,0.402363566108199,-6.90852982418875,1000.77484524422,0,3466,0,0
MDNA,rec,1e-10,140,0.437156383281634,0.410869376070988,-6.90100805808708,993.275490491556,0,3466,0,0
MDNA,rec,1e-10,150,0.442375149988593,0.415862117618018,-6.89541370691858,987.734272801359,0,3466,0,0
MDNA,rec,1e-10,160,0.443338266319399,0.417084588603348,-6.89438127698387,986.715032608156,0,3466,0,0
MDNA,rec,1e-10,170,0.452450140565137,0.424370837410223,-6.88461363891989,977.124074056653,0,3466,0,0
MDNA,rec,1e-10,180,0.456732069526799,0.430253126656964,-6.88002354788207,972.649263352363,0,3466,0,0
MDNA,rec,1e-10,190,0.460458742296822,0.433745417344506,-6.87602867374107,968.77140290139,0,3466,0,0
MDNA,rec,1e-10,200,0.46272791129687,0.436685451380042,-6.87359619707374,966.417752827833,0,3466,0,0
