K,mu,mu_se,n_ref,train_seed,J_truth,excl_share,A
10,0.294430936676746,0.00265233849892434,17813,1,20000,0.10935,0.226752074771891
20,0.405673616572327,0.00322447677771853,17813,1,20000,0.10935,0.11550939487631
30,0.449591883102757,0.00390990163928975,17813,1,20000,0.10935,0.0715911283458799
40,0.521183011448637,0.0040212362934641,17813,1,20000,0.10935,-0.00074275729920148
50,0.520440254149435,0.00403693205355926,17813,1,20000,0.10935,-0.000532607451418254
60,0.519907646698017,0.00401618277763144,17813,1,20000,0.10935,-0.000104829209578439
70,0.519802817488439,0.00403181621511674,17813,1,20000,0.10935,-0.00226288023579002
80,0.517539937252649,0.00400930239971656,17813,1,20000,0.10935,-0.00326508200652031
90,0.514274855246128,0.00405973253579506,17813,1,20000,0.10935,-0.00292546442990949
100,0.511349390816219,0.00403766043773651,17813,1,20000,0.10935,
