train_seed,K,mu,mu_se,A
1,10,0.301921539848363,0.000783218320266849,0.414250802890708
1,20,0.498926458070206,0.000834111163030608,0.217245884668866
1,30,0.610425986849541,0.000819524327007449,0.10574635588953
1,40,0.710637573386432,0.000732717690527502,0.00553476935263897
1,50,0.711938588690845,0.000733062193206094,0.00423375404822657
1,60,0.711700319670698,0.00073317673183132,0.00447202306837291
1,70,0.713603685692242,0.000729116890171168,0.00256865704682896
1,80,0.713883326392807,0.000728501492087432,0.00228901634626399
1,90,0.715662090132043,0.000727585800128958,0.000510252607028749
1,100,0.716172342739071,0.000724096053999192,
2,10,0.303048237619581,0.000785333373494727,0.409817076615877
2,20,0.475581626485662,0.00081351402236532,0.237283687749797
2,30,0.617962676504583,0.000838113405925709,0.0949026377308757
2,40,0.707221181775918,0.000751753381579605,0.00564413245953999
2,50,0.70361917336024,0.000749821340837158,0.0092461408752188
2,60,0.705477979480411,0.000750971470607565,0.00738733475504749
2,70,0.706068622355391,0.000747541888544912,0.00679669188006782
2,80,0.709439347194293,0.000745747799536868,0.00342596704116527
2,90,0.711327158448696,0.000742203321149939,0.0015381557867622
2,100,0.712865314235458,0.000740014398382639,
3,10,0.301458866021966,0.000772278817396171,0.404212528668552
3,20,0.497367703945841,0.000822071545015409,0.208303690744677
3,30,0.617886914426151,0.00082597092487968,0.0877844802643661
3,40,0.689395731313329,0.000760696750404657,0.0162756633771883
3,50,0.696970711970474,0.000751054292105536,0.0087006827200431
3,60,0.70066967227231,0.000746905108477445,0.00500172241820762
3,70,0.702586071732196,0.000747677083798619,0.0030853229583212
3,80,0.703564379458508,0.000745749672359163,0.00210701523200907
3,90,0.70469036368672,0.000741485850479329,0.000981031003797317
3,100,0.705671394690518,0.000741589625874671,
4,10,0.301870315367485,0.000762116737115624,0.410753253426622
4,20,0.490099417259861,0.000778341606801072,0.222524151534246
4,30,0.60995948300919,0.000814061107860881,0.102664085784917
4,40,0.70080348372122,0.000743509119962457,0.0118200850728872
4,50,0.707625464949937,0.000732946494684868,0.00499810384416966
4,60,0.707252897797144,0.000731358489533091,0.00537067099696331
4,70,0.709710658578954,0.000730953989429043,0.0029129102151525
4,80,0.711597253690632,0.000728358496173557,0.00102631510347495
4,90,0.711454301525603,0.000728281526940735,0.00116926726850408
4,100,0.712623568794107,0.000727180757195757,
5,10,0.313976586102932,0.00077607899931085,0.403774814090511
5,20,0.499795223978366,0.000781890103092733,0.217956176215077
5,30,0.614754854333354,0.000794513716963509,0.102996545860088
5,40,0.702259077208532,0.000747152138613998,0.0154923229849105
5,50,0.713521929520286,0.000726642337857639,0.00422947067315627
5,60,0.714537171616479,0.000726653033077734,0.0032142285769633
5,70,0.71469900484969,0.000722276561002769,0.00305239534375223
5,80,0.714766631665016,0.000718798551383903,0.00298476852842633
5,90,0.716430505053019,0.000722355454872937,0.00132089514042344
5,100,0.717751400193442,0.000717126417501672,
6,10,0.307622063673861,0.00077322899362388,0.414249190679797
6,20,0.508762810417717,0.000828045652759399,0.213108443935942
6,30,0.618111910820993,0.000805727923282042,0.103759343532665
6,40,0.716209205001798,0.000733892370186315,0.00566204935186054
6,50,0.717337670090545,0.000735411092400604,0.00453358426311334
6,60,0.717664085865041,0.000730125698385922,0.00420716848861702
6,70,0.714107303289235,0.000736448624899319,0.00776395106442362
6,80,0.718229491273092,0.000727944932764297,0.00364176308056619
6,90,0.719925032537362,0.00072450952713674,0.00194622181629656
6,100,0.721871254353658,0.00072687346775007,
7,10,0.310524982285244,0.000753155065985205,0.40693742039276
7,20,0.500418680775593,0.000765302769005647,0.217043721902411
7,30,0.611166137506325,0.00079174790649812,0.106296265171679
7,40,0.705937401044461,0.000723668336536017,0.0115250016335434
7,50,0.713849303505845,0.000711407809793998,0.00361309917215935
7,60,0.712902559135768,0.000710513097884799,0.0045598435422356
7,70,0.711967964137665,0.000710912169863056,0.00549443854033949
7,80,0.717025384852821,0.000706213637924109,0.000437017825183461
7,90,0.717456868222893,0.0007050132170895,5.53445511075612e-06
7,100,0.717462402678004,0.000703336640193641,
8,10,0.316245154140959,0.000765887774815297,0.410563882772626
8,20,0.504584238147326,0.000761858502017651,0.222224798766259
8,30,0.620249896816724,0.000780602136190358,0.106559140096862
8,40,0.714630849611459,0.000724429638383159,0.0121781873021261
8,50,0.718886890733345,0.000717172987427667,0.00792214618024045
8,60,0.723259194752935,0.000713069707139817,0.00354984216065046
8,70,0.723483665156948,0.000710262898549294,0.00332537175663761
8,80,0.726048257205646,0.000707270747043561,0.000760779707938974
8,90,0.724008836998051,0.000713330535909607,0.00280019991553449
8,100,0.726809036913585,0.000706554794236189,
9,10,0.302998176629247,0.000792527155576608,0.400542679114012
9,20,0.480191986567194,0.000830243013599643,0.223348869176066
9,30,0.604507160457307,0.000840355376345166,0.0990336952859528
9,40,0.697448949660133,0.000759403781405628,0.00609190608312649
9,50,0.698285099590514,0.000751281965218012,0.00525575615274576
9,60,0.698642603792314,0.000752749695581165,0.00489825195094595
9,70,0.701678914409677,0.000748637864605122,0.00186194133358253
9,80,0.702132744663982,0.000745785290746971,0.00140811107927741
9,90,0.702410260897427,0.000744137533863363,0.00113059484583256
9,100,0.70354085574326,0.000742511127040218,
10,10,0.297835195120131,0.000775005920882907,0.412333116746078
10,20,0.494104169829504,0.000829545323459479,0.216064142036706
10,30,0.596014837100046,0.000819932207522539,0.114153474766164
10,40,0.698976466740142,0.000769892977242446,0.0111918451260671
10,50,0.705096531791901,0.000761648286043135,0.00507178007430831
10,60,0.705838360660354,0.000760825984718098,0.00432995120585489
10,70,0.704603351208896,0.000758789850784664,0.0055649606573136
10,80,0.708241661257393,0.000755561724000471,0.0019266506088168
10,90,0.708267258148363,0.00075428260334885,0.00190105371784588
10,100,0.710168311866209,0.000751343713721456,
