K,eval,replicate,r2_macro
10,insample,1,0.336253323979314
20,insample,1,0.525774949129452
30,insample,1,0.64175479141761
40,insample,1,0.725589321802913
50,insample,1,0.725130342506692
60,insample,1,0.72103093778168
70,insample,1,0.719594754942211
80,insample,1,0.71988972642103
90,insample,1,0.721235258258939
100,insample,1,0.71961765565897
10,ho_reconstruction,1,0.30451169168918
20,ho_reconstruction,1,0.500767755505252
30,ho_reconstruction,1,0.60984462331329
40,ho_reconstruction,1,0.711376256329577
50,ho_reconstruction,1,0.712778125558836
60,ho_reconstruction,1,0.712216855791311
70,ho_reconstruction,1,0.714596368374197
80,ho_reconstruction,1,0.714588664969867
90,ho_reconstruction,1,0.716249597558378
100,ho_reconstruction,1,0.717028731540494
10,ho_completion,1,0.292181217296746
20,ho_completion,1,0.40168305674287
30,ho_completion,1,0.433457924257304
40,ho_completion,1,0.513966670031766
50,ho_completion,1,0.512654211694792
60,ho_completion,1,0.513130300030822
70,ho_completion,1,0.512463082883636
80,ho_completion,1,0.511137637051672
90,ho_completion,1,0.508413613468599
100,ho_completion,1,0.5036876775844
10,insample,2,0.329583932252737
20,insample,2,0.510887572992224
30,insample,2,0.644151995761804
40,insample,2,0.721826392543973
50,insample,2,0.714870036434293
60,insample,2,0.71574541648138
70,insample,2,0.714835927147397
80,insample,2,0.717900299284463
90,insample,2,0.715836714754461
100,insample,2,0.713040521190677
10,ho_reconstruction,2,0.303166201182246
20,ho_reconstruction,2,0.477473136954358
30,ho_reconstruction,2,0.619397782476225
40,ho_reconstruction,2,0.708266696085422
50,ho_reconstruction,2,0.704954696188596
60,ho_reconstruction,2,0.706425388112537
70,ho_reconstruction,2,0.707443502762841
80,ho_reconstruction,2,0.710631065227666
90,ho_reconstruction,2,0.712523807453579
100,ho_reconstruction,2,0.713924979177414
10,ho_completion,2,0.229926066343831
20,ho_completion,2,0.348762789385369
30,ho_completion,2,0.452728250615981
40,ho_completion,2,0.506039094908242
50,ho_completion,2,0.504637470854541
60,ho_completion,2,0.505339539320565
70,ho_completion,2,0.502988711698721
80,ho_completion,2,0.50260106609844
90,ho_completion,2,0.502107049907571
100,ho_completion,2,0.501173880821375
10,insample,3,0.342066007001982
20,insample,3,0.531252008733699
30,insample,3,0.651298680670968
40,insample,3,0.714413042771258
50,insample,3,0.716414257512305
60,insample,3,0.71708014566877
70,insample,3,0.71712061082184
80,insample,3,0.715744287998293
90,insample,3,0.717777661515009
100,insample,3,0.715487621060485
10,ho_reconstruction,3,0.303319553647884
20,ho_reconstruction,3,0.499408468878576
30,ho_reconstruction,3,0.618809822420615
40,ho_reconstruction,3,0.691536989458217
50,ho_reconstruction,3,0.698582778111506
60,ho_reconstruction,3,0.702515873510632
70,ho_reconstruction,3,0.704575610250236
80,ho_reconstruction,3,0.705266018811674
90,ho_reconstruction,3,0.706679944648722
100,ho_reconstruction,3,0.707642644094366
10,ho_completion,3,0.239644572144615
20,ho_completion,3,0.383992585929853
30,ho_completion,3,0.459409524586746
40,ho_completion,3,0.505641677464681
50,ho_completion,3,0.504523127278488
60,ho_completion,3,0.506549688492527
70,ho_completion,3,0.508045901552947
80,ho_completion,3,0.503167277736844
90,ho_completion,3,0.506579231098533
100,ho_completion,3,0.504674236576881
10,insample,4,0.328014453249191
20,insample,4,0.514793888979997
30,insample,4,0.636464800282755
40,insample,4,0.712368653584996
50,insample,4,0.714070579073795
60,insample,4,0.710822168998202
70,insample,4,0.712331618331774
80,insample,4,0.712435829098766
90,insample,4,0.71393334698448
100,insample,4,0.707865683668789
10,ho_reconstruction,4,0.302346752268827
20,ho_reconstruction,4,0.487902514856794
30,ho_reconstruction,4,0.609030506555837
40,ho_reconstruction,4,0.699620588513184
50,ho_reconstruction,4,0.707072379159584
60,ho_reconstruction,4,0.706923092128199
70,ho_reconstruction,4,0.70882506192153
80,ho_reconstruction,4,0.710876879133127
90,ho_reconstruction,4,0.71094497791355
100,ho_reconstruction,4,0.712014517406761
10,ho_completion,4,0.291259057877711
20,ho_completion,4,0.380940207264573
30,ho_completion,4,0.449117977831145
40,ho_completion,4,0.492965504932196
50,ho_completion,4,0.495601180868019
60,ho_completion,4,0.495581484878189
70,ho_completion,4,0.493152427906991
80,ho_completion,4,0.492568035251503
90,ho_completion,4,0.488212425916826
100,ho_completion,4,0.491510454805154
10,insample,5,0.348071067174073
20,insample,5,0.531149420891927
30,insample,5,0.648607731579165
40,insample,5,0.722244289498721
50,insample,5,0.727709450900736
60,insample,5,0.7271231601647
70,insample,5,0.725183738564541
80,insample,5,0.716944476998406
90,insample,5,0.723518589078659
100,insample,5,0.728422188627618
10,ho_reconstruction,5,0.310487499924172
20,ho_reconstruction,5,0.498212921583601
30,ho_reconstruction,5,0.611787358027067
40,ho_reconstruction,5,0.701379893164887
50,ho_reconstruction,5,0.712112090450233
60,ho_reconstruction,5,0.713060674456919
70,ho_reconstruction,5,0.713648212364131
80,ho_reconstruction,5,0.713309155481041
90,ho_reconstruction,5,0.715116522475317
100,ho_reconstruction,5,0.716979610003507
10,ho_completion,5,0.255273470882987
20,ho_completion,5,0.411460056651725
30,ho_completion,5,0.434377699035832
40,ho_completion,5,0.495940272364412
50,ho_completion,5,0.49738562693221
60,ho_completion,5,0.495381439362291
70,ho_completion,5,0.492292205717603
80,ho_completion,5,0.476714022100454
90,ho_completion,5,0.484540847044126
100,ho_completion,5,0.491764560416866
10,insample,6,0.338178552457419
20,insample,6,0.540784104399462
30,insample,6,0.652338703623447
40,insample,6,0.731881091894993
50,insample,6,0.730033188430525
60,insample,6,0.72675328975313
70,insample,6,0.724660748509444
80,insample,6,0.725778575349433
90,insample,6,0.726266222992679
100,insample,6,0.72967895598718
10,ho_reconstruction,6,0.30810941170448
20,ho_reconstruction,6,0.508360664838291
30,ho_reconstruction,6,0.617362093850053
40,ho_reconstruction,6,0.716331635042732
50,ho_reconstruction,6,0.71744081116402
60,ho_reconstruction,6,0.717357751140916
70,ho_reconstruction,6,0.713616615105933
80,ho_reconstruction,6,0.718536651383422
90,ho_reconstruction,6,0.719917320328239
100,ho_reconstruction,6,0.721947525742852
10,ho_completion,6,0.261312238445977
20,ho_completion,6,0.405415524411454
30,ho_completion,6,0.46133867393481
40,ho_completion,6,0.503849967216168
50,ho_completion,6,0.498237400612596
60,ho_completion,6,0.500812389922829
70,ho_completion,6,0.500624684657604
80,ho_completion,6,0.496611567013413
90,ho_completion,6,0.494962249419053
100,ho_completion,6,0.49413641211524
10,insample,7,0.337625295227131
20,insample,7,0.535040310003752
30,insample,7,0.641424470569249
40,insample,7,0.72140788307867
50,insample,7,0.723289910113774
60,insample,7,0.719167484589017
70,insample,7,0.717078116938461
80,insample,7,0.720994880551365
90,insample,7,0.724139402496609
100,insample,7,0.72083297468814
10,ho_reconstruction,7,0.309341746523858
20,ho_reconstruction,7,0.501379971863099
30,ho_reconstruction,7,0.610834970467102
40,ho_reconstruction,7,0.706517944388166
50,ho_reconstruction,7,0.713876439748271
60,ho_reconstruction,7,0.713043697487809
70,ho_reconstruction,7,0.712263102646864
80,ho_reconstruction,7,0.71732406282662
90,ho_reconstruction,7,0.71777143762552
100,ho_reconstruction,7,0.717202511550588
10,ho_completion,7,0.28371261226368
20,ho_completion,7,0.403311727275616
30,ho_completion,7,0.449021515301201
40,ho_completion,7,0.496319449450936
50,ho_completion,7,0.501703835870593
60,ho_completion,7,0.497007385909711
70,ho_completion,7,0.501422028211483
80,ho_completion,7,0.493787790258271
90,ho_completion,7,0.49419413028174
100,ho_completion,7,0.494866084053878
10,insample,8,0.355469863853521
20,insample,8,0.535134057217465
30,insample,8,0.654735445798984
40,insample,8,0.731963376954632
50,insample,8,0.733909286513268
60,insample,8,0.736515151617044
70,insample,8,0.73288497021686
80,insample,8,0.733413451843935
90,insample,8,0.732116152667905
100,insample,8,0.733201174113252
10,ho_reconstruction,8,0.31564455912314
20,ho_reconstruction,8,0.506545911268796
30,ho_reconstruction,8,0.620231217169025
40,ho_reconstruction,8,0.715687829910332
50,ho_reconstruction,8,0.719367539167153
60,ho_reconstruction,8,0.723669626738565
70,ho_reconstruction,8,0.723984995402683
80,ho_reconstruction,8,0.726332009532475
90,ho_reconstruction,8,0.724854878922333
100,ho_reconstruction,8,0.727267296646445
10,ho_completion,8,0.281846525407694
20,ho_completion,8,0.401013504252519
30,ho_completion,8,0.463556581029092
40,ho_completion,8,0.532149228492688
50,ho_completion,8,0.514551262217901
60,ho_completion,8,0.519170848030224
70,ho_completion,8,0.528685094561353
80,ho_completion,8,0.527631575803538
90,ho_completion,8,0.526980537925239
100,ho_completion,8,0.525028839295077
10,insample,9,0.33799648517279
20,insample,9,0.521094202653164
30,insample,9,0.64151616477505
40,insample,9,0.719206255651554
50,insample,9,0.717186787887327
60,insample,9,0.71506484330445
70,insample,9,0.715820552640199
80,insample,9,0.714320195596989
90,insample,9,0.714879789171213
100,insample,9,0.71533486245441
10,ho_reconstruction,9,0.3021671455767
20,ho_reconstruction,9,0.478204907727282
30,ho_reconstruction,9,0.601434972195978
40,ho_reconstruction,9,0.695090724735641
50,ho_reconstruction,9,0.695737678271643
60,ho_reconstruction,9,0.696350914602247
70,ho_reconstruction,9,0.699315442460282
80,ho_reconstruction,9,0.699613432320598
90,ho_reconstruction,9,0.700166087057873
100,ho_reconstruction,9,0.701173409249694
10,ho_completion,9,0.257394281016964
20,ho_completion,9,0.347310747866191
30,ho_completion,9,0.390933911087129
40,ho_completion,9,0.450603086495287
50,ho_completion,9,0.450289734119496
60,ho_completion,9,0.444931835882195
70,ho_completion,9,0.447515531155874
80,ho_completion,9,0.443450696907545
90,ho_completion,9,0.446518416485434
100,ho_completion,9,0.442847847738081
10,insample,10,0.330877862469988
20,insample,10,0.521842765835153
30,insample,10,0.629770300940708
40,insample,10,0.715694245364547
50,insample,10,0.718847940095216
60,insample,10,0.716561709713205
70,insample,10,0.714237087408614
80,insample,10,0.714438367078955
90,insample,10,0.71477143977927
100,insample,10,0.713269822468896
10,ho_reconstruction,10,0.298609634292523
20,ho_reconstruction,10,0.497822497613765
30,ho_reconstruction,10,0.595651816693541
40,ho_reconstruction,10,0.699555206025733
50,ho_reconstruction,10,0.705540498754236
60,ho_reconstruction,10,0.706295903189714
70,ho_reconstruction,10,0.705247019454844
80,ho_reconstruction,10,0.708757202614439
90,ho_reconstruction,10,0.708727311142287
100,ho_reconstruction,10,0.710748320303132
10,ho_completion,10,0.319495124504918
20,ho_completion,10,0.459563327797793
30,ho_completion,10,0.483431069948269
40,ho_completion,10,0.561439149255038
50,ho_completion,10,0.560919636734927
60,ho_completion,10,0.563255468697205
70,ho_completion,10,0.56207422356671
80,ho_completion,10,0.55873111496172
90,ho_completion,10,0.55988563019367
100,ho_completion,10,0.558370718525307
