K,K_to,gain,se,ub
10,20,0.101813342117483,0.00266940201563299,0.111068139956183
10,30,0.157695474200174,0.00227387359091717,0.165578977798153
10,40,0.177638037625427,0.0023756675037912,0.185874459996728
10,50,0.193486662474325,0.00234099092735307,0.201602861401276
10,60,0.201595800380797,0.00218461623901272,0.209169849373343
10,70,0.221816235022072,0.00240308471859721,0.230147712682477
10,80,0.231004102687,0.00236087255791601,0.239189231085978
10,90,0.235776600744496,0.00221680370943855,0.243462243468516
10,100,0.24472066476284,0.00231923511695128,0.252761436449569
10,110,0.256901809515864,0.00227894778959318,0.264802905324633
10,120,0.262481141080893,0.00220022969722636,0.270109321822229
10,130,0.262014113518553,0.00254439189128434,0.270835502143555
10,140,0.272121387376472,0.00230119638801681,0.280099618918038
10,150,0.273687664767069,0.00230025284390973,0.281662625047913
10,160,0.27513957170164,0.00249744715520226,0.283798203259897
10,170,0.281656496592039,0.00251721584299474,0.290383666050538
10,180,0.286926724083544,0.00243605199727675,0.295372499065103
10,190,0.292171303291724,0.00251388303611774,0.30088691793244
10,200,0.29131581472335,0.00249076294264785,0.29995127216413
20,30,0.0558821320826908,0.00223469713391753,0.0636298111823579
20,40,0.0758246955079441,0.00173948281970612,0.0818554700956581
20,50,0.0916733203568418,0.00226185641660696,0.0995151604967954
20,60,0.0997824582633145,0.00217167529342097,0.107311641089358
20,70,0.12000289290459,0.00224931778647343,0.127801261702879
20,80,0.129190760569517,0.00200864353829966,0.136154713457882
20,90,0.133963258627013,0.00217726633213409,0.141511825544586
20,100,0.142907322645357,0.00210558384171828,0.150207366877517
20,110,0.155088467398382,0.00213043810529076,0.162474681185912
20,120,0.160667798963411,0.00234655181622094,0.168803277452592
20,130,0.16020077140107,0.00194700035227736,0.166951007801087
20,140,0.170308045258989,0.00212188691351705,0.177664612125343
20,150,0.171874322649586,0.00216453393424539,0.179378746434063
20,160,0.173326229584157,0.00202780737689477,0.180356623364892
20,170,0.179843154474556,0.00202302385590829,0.186856963821987
20,180,0.185113381966061,0.00205706615350265,0.192245215717593
20,190,0.190357961174242,0.00206924271331443,0.197532010972202
20,200,0.189502472605867,0.00199413816576252,0.196416135470616
30,40,0.0199425634252533,0.0012080421579047,0.0241308370110825
30,50,0.0357911882741511,0.000952049779442605,0.039091938101086
30,60,0.0439003261806238,0.000960273767130156,0.0472295885144911
30,70,0.0641207608218988,0.00121550229801195,0.0683348986605219
30,80,0.0733086284868261,0.00131274485241638,0.0778599055712658
30,90,0.0780811265443226,0.00121004022585517,0.0822763274175522
30,100,0.0870251905626666,0.0014476469528413,0.0920441722716391
30,110,0.0992063353156909,0.00141253184046387,0.104103573179325
30,120,0.10478566688072,0.00136249899289448,0.109509441217003
30,130,0.104318639318379,0.00167883859240858,0.110139160800553
30,140,0.114425913176299,0.00149509108359355,0.119609383349794
30,150,0.115992190566895,0.00153338907808615,0.121308439615427
30,160,0.117444097501467,0.00162649277946892,0.12308313642177
30,170,0.123961022391865,0.00174462212204764,0.130009614904314
30,180,0.12923124988337,0.00180218821636035,0.135479423636153
30,190,0.134475829091551,0.00182752991754692,0.140811862342452
30,200,0.133620340523176,0.00180582997651328,0.139881140232557
40,50,0.0158486248488978,0.00120203581195374,0.0200160744759528
40,60,0.0239577627553704,0.00107863628508768,0.027697387098767
40,70,0.0441781973966455,0.00123969551788899,0.04847621295684
40,80,0.0533660650615728,0.00104000188545212,0.0569717442156899
40,90,0.0581385631190693,0.00116299835813855,0.0621706701708653
40,100,0.0670826271374133,0.00118813245151157,0.0712018739125121
40,110,0.0792637718904376,0.00123950158819549,0.0835611150977614
40,120,0.0848431034554664,0.00138828615853307,0.0896562817119616
40,130,0.0843760758931257,0.00129034022998359,0.0888496763106364
40,140,0.0944833497510454,0.00127325152465799,0.0988977037485013
40,150,0.096049627141642,0.00129704736870218,0.100546481161478
40,160,0.0975015340762134,0.00127694018595626,0.101928676636205
40,170,0.104018458966612,0.00134066212698793,0.108666525043812
40,180,0.109288686458117,0.00141945454301029,0.114209925282337
40,190,0.114533265666297,0.00141597576843776,0.11944244360377
40,200,0.113677777097923,0.00135320012212455,0.118369312315258
50,60,0.00810913790647266,0.000927218487888368,0.0113237978218609
50,70,0.0283295725477477,0.000975327231752653,0.0317110251366
50,80,0.037517440212675,0.00112174015039529,0.0414065053511081
50,90,0.0422899382701715,0.00104146287276946,0.0459006826569467
50,100,0.0512340022885155,0.00119915875871698,0.0553914771924222
50,110,0.0634151470415398,0.0012069450604893,0.0675996169984179
50,120,0.0689944786065687,0.00124085866912417,0.0732965268038386
50,130,0.0685274510442279,0.00143620149368398,0.0735067514275508
50,140,0.0786347249021476,0.00126643217475449,0.0830254362618971
50,150,0.0802010022927443,0.00131607113549418,0.0847638115770022
50,160,0.0816529092273156,0.00139272060492765,0.0864814616779816
50,170,0.0881698341177139,0.0015258752459937,0.0934600327637202
50,180,0.0934400616092191,0.00154543364341441,0.0987980690802423
50,190,0.0986846408173997,0.00162730943426746,0.104326511074092
50,200,0.0978291522490253,0.00158488509825997,0.103323937633941
60,70,0.0202204346412751,0.00106356087223557,0.0239077926353304
60,80,0.0294083023062023,0.00106534022371892,0.0331018292992191
60,90,0.0341808003636989,0.000907272975399145,0.0373263093288758
60,100,0.0431248643820428,0.00111221977376313,0.0469809224422753
60,110,0.0553060091350671,0.00110358543416151,0.0591321320011941
60,120,0.060885340700096,0.00106495633186014,0.0645775367427636
60,130,0.0604183131377553,0.00144450130083787,0.0654263888935622
60,140,0.070525586995675,0.00120055459270316,0.074687901246103
60,150,0.0720918643862716,0.00119548462648311,0.0762366010998053
60,160,0.073543771320843,0.00139177814836837,0.0783690562813082
60,170,0.0800606962112413,0.00148471577688812,0.0852081952700406
60,180,0.0853309237027465,0.00147003861785833,0.0904275371553794
60,190,0.090575502910927,0.00154128860937708,0.0959191395783675
60,200,0.0897200143425527,0.00149606626909311,0.0949068654772521
70,80,0.00918786766492726,0.000972217610639553,0.012558539219455
70,90,0.0139603657224238,0.00093795877459443,0.017212262135579
70,100,0.0229044297407678,0.00109264272969688,0.0266926143281957
70,110,0.0350855744937921,0.0010121501739623,0.0385946919618872
70,120,0.0406649060588209,0.00114158664849354,0.0446227788652747
70,130,0.0401978784964802,0.00120318160147262,0.0443693005676634
70,140,0.0503051523543999,0.00108472392118891,0.0540658824889446
70,150,0.0518714297449966,0.00118260829076418,0.055971524293999
70,160,0.0533233366795679,0.00118233759509999,0.0574224927286242
70,170,0.0598402615699662,0.00127606399250913,0.0642643663734969
70,180,0.0651104890614713,0.00133126069687961,0.0697259604472252
70,190,0.070355068269652,0.00137486916121919,0.0751217298917042
70,200,0.0694995797012776,0.00138311283196504,0.0742948220712857
80,90,0.00477249805749659,0.000919938411337763,0.00796191799916354
80,100,0.0137165620758405,0.000929585017413539,0.016939426732293
80,110,0.0258977068288648,0.000815789368009809,0.028726042776645
80,120,0.0314770383938937,0.00106609613639679,0.0351731861307987
80,130,0.0310100108315529,0.000965469081289904,0.0343572852827317
80,140,0.0411172846894726,0.000888386424767145,0.0441973141176799
80,150,0.0426835620800693,0.000905358296524128,0.0458224328671784
80,160,0.0441354690146406,0.000964912938759994,0.0474808153236161
80,170,0.0506523939050389,0.0010136267275827,0.0541666305740543
80,180,0.0559226213965441,0.00108464830285708,0.0596830893628691
80,190,0.0611672006047247,0.00107177170665634,0.0648830255034299
80,200,0.0603117120363504,0.00108403774788887,0.0640700632129348
90,100,0.00894406401834394,0.000941716723273248,0.0122089892128918
90,110,0.0211252087713683,0.000886921644926762,0.0242001598182671
90,120,0.0267045403363971,0.000888715069129304,0.029785709172275
90,130,0.0262375127740564,0.00122323223924527,0.0304784502640623
90,140,0.0363447866319761,0.000913170910697301,0.0395107436969635
90,150,0.0379110640225727,0.000970137222222188,0.0412745228852256
90,160,0.0393629709571441,0.00114631249461195,0.0433372282385427
90,170,0.0458798958475424,0.00121010390569311,0.0500753174983181
90,180,0.0511501233390475,0.00120348289085174,0.0553225899783694
90,190,0.0563947025472282,0.00130303799202168,0.0609123260155863
90,200,0.0555392139788538,0.00124315837271797,0.0598492352321583
100,110,0.0121811447530243,0.000892907695610632,0.0152768493951504
100,120,0.0177604763180532,0.00103183350457323,0.0213378357536488
100,130,0.0172934487557125,0.00107637737652048,0.021025241479142
100,140,0.0274007226136321,0.000862117991878744,0.0303896795714892
100,150,0.0289670000042288,0.000883703542117439,0.0320307939115322
100,160,0.0304189069388001,0.00101531627264425,0.0339390012485501
100,170,0.0369358318291984,0.00103382076562812,0.0405200810847642
100,180,0.0422060593207036,0.00102246448854689,0.0457509364442445
100,190,0.0474506385288842,0.00112160121496939,0.051339221979182
100,200,0.0465951499605099,0.0010713684172947,0.0503095766578611
110,120,0.00557933156502889,0.000921108778428366,0.00877280916109079
110,130,0.00511230400268812,0.000967851120890344,0.00846783696825206
110,140,0.0152195778606078,0.000751113741981672,0.0178236838720665
110,150,0.0167858552512045,0.000765824329379547,0.0194409627647444
110,160,0.0182377621857758,0.000950464452192463,0.0215330156943884
110,170,0.0247546870761741,0.000947612103882154,0.028040051513443
110,180,0.0300249145676793,0.000955392906516909,0.0333372549924487
110,190,0.0352694937758599,0.00103587745223498,0.0388608735492917
110,200,0.0344140052074856,0.000986176860910464,0.0378330733836089
120,130,-0.000467027562340758,0.0013018373553075,0.00404643330705242
120,140,0.00964024629557893,0.000959095796963079,0.0129654246152392
120,150,0.0112065236861756,0.000904040864008639,0.0143408269441057
120,160,0.012658430620747,0.00124679545573397,0.0169810616150491
120,170,0.0191753555111452,0.00118278005136967,0.0232760455529476
120,180,0.0244455830026504,0.00123654280353321,0.0287326681245538
120,190,0.029690162210831,0.00126535454506307,0.0340771374360902
120,200,0.0288346736424566,0.00126399670217211,0.0332169412360519
130,140,0.0101072738579197,0.000963448081797438,0.0134475415182047
130,150,0.0116735512485163,0.00104371580921089,0.0152921065499408
130,160,0.0131254581830877,0.000785122012835377,0.0158474706281789
130,170,0.019642383073486,0.000810554206677795,0.0224525687540913
130,180,0.0249126105649912,0.000912325997124928,0.0280756383206211
130,190,0.0301571897731718,0.000920041482698859,0.0333469670625159
130,200,0.0293017012047974,0.000908639786730725,0.0324519488951582
140,150,0.00156627739059664,0.000706759853208257,0.00401660878453643
140,160,0.003018184325168,0.000877565378092208,0.00606069726136949
140,170,0.00953510921556632,0.00086004991930611,0.0125168961804948
140,180,0.0148053367070715,0.000807232096582979,0.017604004655561
140,190,0.0200499159152521,0.00094834177312184,0.0233378101105952
140,200,0.0191944273468777,0.000869594387260155,0.0222093049144488
150,160,0.00145190693457136,0.000961387851877305,0.00478503179234842
150,170,0.00796883182496965,0.000848295607575883,0.0109098666745707
150,180,0.0132390593164748,0.000840705678724919,0.0161537799366288
150,190,0.0184836385246554,0.000929078932249216,0.0217047485874359
150,200,0.0176281499562811,0.000882457898936087,0.0206876252275174
160,170,0.0065169248903983,0.000861819843339957,0.00950484816938783
160,180,0.0117871523819034,0.000890333582510257,0.0148739325921836
160,190,0.0170317315900841,0.000938031111582495,0.0202838787950634
160,200,0.0161762430217097,0.000840564644371311,0.019090474676761
170,180,0.00527022749150517,0.000827207634314513,0.00813815048750798
170,190,0.0105148066996858,0.000765198763756667,0.0131677453816519
170,200,0.00965931813131143,0.000738883723958175,0.0122210227571009
180,190,0.00524457920818065,0.000848511808616268,0.00818636362525398
180,200,0.00438909063980626,0.000721870709922142,0.00689181126670444
190,200,-0.000855488568374385,0.000821777071855897,0.00199360670613477
