K,K_to,delta_mean,se,ub_pointwise,ub_adjacent_simul,z_adjacent,total_gain_max,total_gain_ub,K_argmax,n_larger,protocol,mean_gain_check,upper_check
10,20,0.101813342117508,0.0026694020156421,0.106204117704728,0.10926222833631,2.79046999108908,0.292171303291859,0.300886917932586,190,19,com,0.292171303291724,0.30088691793244
20,30,0.0558821320827486,0.00223469713392836,0.0595578817686287,0.0621179873741484,2.79046999108908,0.190357961174351,0.197532010972329,190,18,com,0.190357961174242,0.197532010972202
30,40,0.0199425634252045,0.00120804215790972,0.0219296159501525,0.023313568814822,2.79046999108908,0.134475829091603,0.140811862342513,190,17,com,0.134475829091551,0.140811862342452
40,50,0.0158486248490407,0.0012020358119585,0.0178257978140662,0.0192028697105253,2.79046999108908,0.114533265666398,0.119442443603871,190,16,com,0.114533265666297,0.11944244360377
50,60,0.00810913790647531,0.000927218487888999,0.00963427659925599,0.0106965132721125,2.79046999108908,0.0986846408173573,0.104326511074063,190,15,com,0.0986846408173997,0.104326511074092
60,70,0.020220434641153,0.00106356087223701,0.0219698365993357,0.0231882693388269,2.79046999108908,0.090575502910882,0.0959191395783325,190,14,com,0.090575502910927,0.0959191395783675
70,80,0.0091878676650111,0.000972217610642027,0.0107870233280617,0.011900811732316,2.79046999108908,0.070355068269729,0.0751217298917935,190,13,com,0.070355068269652,0.0751217298917042
80,90,0.0047724980574869,0.000919938411337187,0.00628566208994685,0.00733955858797348,2.79046999108908,0.061167200604718,0.0648830255034291,190,12,com,0.0611672006047247,0.0648830255034299
90,100,0.00894406401831436,0.000941716723274106,0.0104930501861526,0.0115718962747175,2.79046999108908,0.056394702547231,0.0609123260155952,190,11,com,0.0563947025472282,0.0609123260155863
100,110,0.012181144753028,0.000892907695611356,0.0136498472146873,0.014672776882444,2.79046999108908,0.0474506385289167,0.051339221979218,190,10,com,0.0474506385288842,0.051339221979182
110,120,0.00557933156504452,0.000921108778430593,0.00709442068006292,0.00814965796978381,2.79046999108908,0.0352694937758886,0.03886087354932,190,9,com,0.0352694937758599,0.0388608735492917
120,130,-0.000467027562336106,0.00130183735531312,0.0016743043332516,0.00316571051094393,2.79046999108908,0.0296901622108441,0.0340771374361115,190,8,com,0.029690162210831,0.0340771374360902
130,140,0.0101072738579119,0.000963448081801566,0.0116920049296426,0.0127957468181515,2.79046999108908,0.0301571897731802,0.0333469670625322,190,7,com,0.0301571897731718,0.0333469670625159
140,150,0.00156627739057935,0.000706759853208471,0.002728793898513,0.00353846955186411,2.79046999108908,0.0200499159152683,0.0233378101106164,190,6,com,0.0200499159152521,0.0233378101105952
150,160,0.0014519069346114,0.000961387851880545,0.0030332492296842,0.00413463088508165,2.79046999108908,0.018483638524689,0.0217047485874741,190,5,com,0.0184836385246554,0.0217047485874359
160,170,0.00651692489036954,0.000861819843341246,0.00793449238546813,0.00892180730093837,2.79046999108908,0.0170317315900776,0.0202838787950609,190,4,com,0.0170317315900841,0.0202838787950634
170,180,0.00527022749149413,0.000827207634315179,0.0066308629690394,0.00757852557145043,2.79046999108908,0.0105148066997081,0.013167745381678,190,3,com,0.0105148066996858,0.0131677453816519
180,190,0.00524457920821397,0.0008485118086176,0.00664025693412978,0.0076123259472461,2.79046999108908,0.00524457920821397,0.00818636362529191,190,2,com,0.00524457920818065,0.00818636362525398
190,200,-0.000855488568378486,0.000821777071856541,0.000496214428810305,0.00143765569000224,2.79046999108908,-0.000855488568378486,0.0019936067061329,200,1,com,-0.000855488568374385,0.00199360670613477
